movieNm,movieNmEn,posterUrl
몬스터,The Monsters,http://file.koreafilm.or.kr/thm/02/00/05/36/TN_DPF019336.jpg
두 교황,The Two Popes,http://file.koreafilm.or.kr/thm/02/00/05/36/TN_DPF019335.jpg
결혼 이야기,Marriage Story,http://file.koreafilm.or.kr/thm/02/00/05/35/TN_DPF019334.jpg
가족이 되기까지,In Safe Hands,http://file.koreafilm.or.kr/thm/02/00/05/35/TN_DPF019331.jpg
아빠는 예쁘다,Dad is Pretty (A-bba-neun Ye-bbeu-da),http://file.koreafilm.or.kr/thm/02/00/05/31/TN_DPK015003.jpg
어제 일은 모두 괜찮아,The Fault is not Yours (Eoje ireun modu gwaenchana),http://file.koreafilm.or.kr/thm/02/00/05/34/TN_DPK015102.jpg
윤희에게,Moonlit Winter (Yoon-hee-ae-ge),http://file.koreafilm.or.kr/thm/02/00/05/35/TN_DPK015144.jpg
우먼 인 할리우드,This Changes Everything,http://file.koreafilm.or.kr/thm/02/00/05/34/TN_DPB000866.jpg
빅트립: 아기팬더 배달 대모험,Big Trip,http://file.koreafilm.or.kr/thm/02/00/05/33/TN_DPF019219.jpg
콘택트: 지구 최후의 날,His Master’s Voice,http://file.koreafilm.or.kr/thm/02/00/05/35/TN_DPF019329.jpg
워 이베이젼,Escape and Evasion,http://file.koreafilm.or.kr/thm/02/00/05/35/TN_DPF019328.jpg
얼굴없는 보스,Unalterable (Eolgureomneun boseu),http://file.koreafilm.or.kr/thm/02/00/05/22/TN_DPK014684.jpg
아이즈 온 미 : 더 무비,Eyes on Me : The Movie (Aijeu on mi : deo mubi),http://file.koreafilm.or.kr/thm/02/00/05/35/TN_DPA001005.jpg
모리스,Maurice,http://file.koreafilm.or.kr/thm/02/00/05/33/TN_DPF019200.jpg
좀비랜드: 더블 탭,Zombieland: Double Tap,http://file.koreafilm.or.kr/thm/02/00/05/35/TN_DPF019326.jpg
코끼리는 그 곳에 있다,An Elephant Sitting Still,http://file.koreafilm.or.kr/thm/02/00/04/74/TN_DPF014864.jpg
4X4,4X4,http://file.koreafilm.or.kr/thm/02/00/05/35/TN_DPF019324.jpg
시 읽는 시간,Time to Read Poems (Si Ik-neun Si-gan),http://file.koreafilm.or.kr/thm/02/00/04/69/TN_DPA001004.jpg
너의 여자친구,(Neoui yeojachingu),http://file.koreafilm.or.kr/thm/02/00/05/35/TN_DPK015142.jpg
칠공주,The Seven Princesses ( Chilgongju ),http://file.koreafilm.or.kr/thm/02/00/02/19/TN_DPK006573.jpg
여심,Her Love ( Yeosim ),http://file.koreafilm.or.kr/thm/02/00/02/19/TN_DPK006572.jpg
백만장자와 결혼하는 길,How to Marry a Millionaire ( Baekmanjangja-wa Gyeolhon-haneun Gil ),http://file.koreafilm.or.kr/thm/02/00/02/19/TN_DPK006568.jpg
패트와 매트: 우당탕탕 크리스마스,Pat & Mat: Winter Fun,http://file.koreafilm.or.kr/thm/02/00/05/35/TN_DPF019322.jpg
더 빌리지,Dachra,http://file.koreafilm.or.kr/thm/02/00/05/34/TN_DPF019256.jpg
왓 데이 해드,What They Had,http://file.koreafilm.or.kr/thm/02/00/05/35/TN_DPF019318.jpg
몬스터하우스,Gnome Alone,http://file.koreafilm.or.kr/thm/02/00/05/35/TN_DPF019311.jpg
정,Affection ( Jeong ),http://file.koreafilm.or.kr/thm/02/00/05/35/TN_DPK015137.jpg
두번할까요,"Love, Again (Du-beon Hal-kka-yo)",http://file.koreafilm.or.kr/thm/02/00/05/35/TN_DPK015135.jpg
아담스 패밀리,The Addams Family,http://file.koreafilm.or.kr/thm/02/00/05/35/TN_DPF019307.jpg
졸업,Graduation (Jol-eob),http://file.koreafilm.or.kr/thm/02/00/05/35/TN_DPA001003.jpg
감쪽같은 그녀,A Little Princess (Gamjjokgateun geunyeo),http://file.koreafilm.or.kr/thm/02/00/05/35/TN_DPK015132.jpg
애수,A Grief (Aesu),http://file.koreafilm.or.kr/thm/02/00/05/35/TN_DPK015130.jpg
72호의 죄수,A Prisoner of Cell Nr. 72 (72ho-ui joesu),http://file.koreafilm.or.kr/thm/02/00/05/35/TN_DPK015129.jpg
오늘도 위위,The Journey of the 12 Cats (O-neul-do Wi-wi),http://file.koreafilm.or.kr/thm/02/00/05/31/TN_DPK015127.jpg
The Eddy Duchin Story,,http://file.koreafilm.or.kr/thm/02/00/05/35/TN_DPF019301.jpg
날씨의 아이,Weathering with You,http://file.koreafilm.or.kr/thm/02/00/05/34/TN_DPF019254.jpg
삽질,Rivercide: The Secret Six (Sap-jil),http://file.koreafilm.or.kr/thm/02/00/05/35/TN_DPA001002.jpg
이십구세의 어머니,A 29-year-old Mother ( Isibguse-ui Eomeoni ),http://file.koreafilm.or.kr/thm/02/00/05/35/TN_DPK015123.jpg
엔젤 오브 마인,Angel of Mine,http://file.koreafilm.or.kr/thm/02/00/05/34/TN_DPF019279.jpg
검풍연풍,Swordsman and Love ( Geompung-yeonpung ),http://file.koreafilm.or.kr/thm/02/00/05/35/TN_DPK015119.jpg
겨울왕국 2,Frozen 2,http://file.koreafilm.or.kr/thm/02/00/05/33/TN_DPF019203.jpg
블랙머니,Black Money (Beul-lag Meo-ni),http://file.koreafilm.or.kr/thm/02/00/05/34/TN_DPK015078.jpg
선물,The Present (Seonmul),http://file.koreafilm.or.kr/thm/02/00/05/35/TN_DPK015140.jpg
캔 유 킵 어 시크릿?,Can You Keep a Secret?,http://file.koreafilm.or.kr/thm/02/00/05/35/TN_DPF019294.jpg
킬러 스쿼드,Killers Anonymous,http://file.koreafilm.or.kr/thm/02/00/05/35/TN_DPF019292.jpg
닥터 슬립,Doctor Sleep,http://file.koreafilm.or.kr/thm/02/00/05/35/TN_DPF019285.jpg
노란 샤쓰 입은 사나이,Man in Yellow Shirt ( Noran Syasseu-ibeun Sanai ),http://file.koreafilm.or.kr/thm/02/00/05/35/TN_DPK015114.jpg
대장화홍련전,The Story of Jang-hwa and Hong-ryeon ( Dae Jang-hwa Hong-ryeonjeon ),http://file.koreafilm.or.kr/thm/02/00/05/35/TN_DPK015113.jpg
사랑과 죽음의 해협,Where Love and Death Meet ( Sarang-gwa Jugeum-ui Haehyeob ),http://file.koreafilm.or.kr/thm/02/00/02/20/TN_DPK006618.jpg
사랑을 다시 하지 않으리,I'll never Fall in Love Again ( Sarang-eul Dasi Haji Aneuri ),http://file.koreafilm.or.kr/thm/02/00/05/35/TN_DPK015112.jpg
사랑의 승부,Love Match ( Sarang-ui Seungbu ),http://file.koreafilm.or.kr/thm/02/00/05/35/TN_DPK015110.jpg
마스코트,Mascot (Ma-seu-ko-teu),http://file.koreafilm.or.kr/thm/02/00/05/34/TN_DPK015098.jpg
카센타,Nailed (Kasenta),http://file.koreafilm.or.kr/thm/02/00/05/34/TN_DPK015100.jpg
더 컨덕터,The Conductor,http://file.koreafilm.or.kr/thm/02/00/05/34/TN_DPF019283.jpg
디어 마이 프렌드,Then Came You,http://file.koreafilm.or.kr/thm/02/00/05/30/TN_DPF019022.jpg
빅2: 황금열쇠 대소동,Norm of the North: Keys to the Kingdom,http://file.koreafilm.or.kr/thm/02/00/05/34/TN_DPF019281.jpg
신희극지왕,The New King of Comedy,http://file.koreafilm.or.kr/thm/02/00/05/34/TN_DPF019276.jpg
엔젤 해즈 폴른,Angel Has Fallen,http://file.koreafilm.or.kr/thm/02/00/05/35/TN_DPF019305.jpg
양귀비,Yang Kuei-Fei ( Yang Gwibi ),http://file.koreafilm.or.kr/thm/02/00/02/20/TN_DPK006620.JPG
정의심판,Justice Judgment (Jeonguisimpan),http://file.koreafilm.or.kr/thm/02/00/05/34/TN_DPK015096.jpg
앵커,Anchor (Aeng-keo),http://file.koreafilm.or.kr/thm/02/00/05/34/TN_DPK015095.jpg
매튜 본의 백조의 호수,Matthew Bourne's Swan Lake,http://file.koreafilm.or.kr/thm/02/00/05/34/TN_DPB000867.jpg
웰컴 투 스웨덴,Kingdom of Sweden,http://file.koreafilm.or.kr/thm/02/00/05/34/TN_DPF019274.jpg
우주전쟁 2019,Airwaves,http://file.koreafilm.or.kr/thm/02/00/05/34/TN_DPF019273.jpg
미이라: 지하벙커의 비밀,Gehenna,http://file.koreafilm.or.kr/thm/02/00/05/34/TN_DPF019271.jpg
말레피센트 2,Maleficent: Mistress of Evil,http://file.koreafilm.or.kr/thm/02/00/05/34/TN_DPF019270.jpg
레드 사이렌,The Red Siren,http://file.koreafilm.or.kr/thm/02/00/05/34/TN_DPF019269.jpg
그 옛날 집,Like an Old House,http://file.koreafilm.or.kr/thm/02/00/05/34/TN_DPF019268.jpg
하이 라이프,High Life,http://file.koreafilm.or.kr/thm/02/00/05/34/TN_DPF019267.jpg
나이브스 아웃,Knives Out,http://file.koreafilm.or.kr/thm/02/00/05/34/TN_DPF019266.jpg
더 바운서,The Bouncer,http://file.koreafilm.or.kr/thm/02/00/05/34/TN_DPF019265.jpg
아이언 자이언트,The Iron Giant,http://file.koreafilm.or.kr/thm/02/00/05/31/TN_DPF019046.jpg
하늘이 무너져도,Even though the World Crumbles ( Haneuri Muneojyeodo ),http://file.koreafilm.or.kr/thm/02/00/05/34/TN_DPK015094.jpg
데드 스쿼드: 죽은 자들의 사원,Dead Squad,http://file.koreafilm.or.kr/thm/02/00/05/34/TN_DPF019263.jpg
리메모리: 기억추출,Rememory,http://file.koreafilm.or.kr/thm/02/00/05/34/TN_DPF019261.jpg
당문,Tang Men,http://file.koreafilm.or.kr/thm/02/00/05/32/TN_DPF019148.jpg
쿠엔틴 타란티노 8,QT8: The First Eight,http://file.koreafilm.or.kr/thm/02/00/05/35/TN_DPB000868.jpg
집 이야기,I Am Home (Jip E-ya-gi),http://file.koreafilm.or.kr/thm/02/00/05/34/TN_DPK015093.jpg
영하의 바람,Sub-zero Wind ( Yeong-ha-ui Ba-ram ),http://file.koreafilm.or.kr/thm/02/00/05/34/TN_DPK015087.jpg
"오늘, 우리","Today, Together (Oneul, uri)",http://file.koreafilm.or.kr/thm/02/00/05/33/TN_DPK015070.jpg
먼동이 틀 때,At the Dawn ( Meondong-i Tteul Ttae ),http://file.koreafilm.or.kr/thm/02/00/05/34/TN_DPK015082.jpg
세희,Se-hee,http://file.koreafilm.or.kr/thm/02/00/05/34/TN_DPK015081.jpg
동명이인 프로젝트 시즌3,Two Person at the Same Town Se3 (Dongmyeongiin peurojekteu sijeun3),http://file.koreafilm.or.kr/thm/02/00/05/34/TN_DPK015080.jpg
먹거나 먹히거나,Dog Eat Dog,http://file.koreafilm.or.kr/thm/02/00/05/34/TN_DPF019257.jpg
태양을 덮다:후쿠시마의 기록,The Seal of the Sun,http://file.koreafilm.or.kr/thm/02/00/05/34/TN_DPF019255.jpg
스노우 화이트,Pure as Snow,http://file.koreafilm.or.kr/thm/02/00/05/32/TN_DPF019136.jpg
82년생 김지영,KIM Ji-young: Born 1982 (82Nyeon-saeng Kim-ji-yeong),http://file.koreafilm.or.kr/thm/02/00/05/33/TN_DPK015040.jpg
열여섯의 봄,The Crossing,http://file.koreafilm.or.kr/thm/02/00/05/34/TN_DPF019252.jpg
빅 위시,Salma's Big Wish,http://file.koreafilm.or.kr/thm/02/00/05/34/TN_DPF019250.jpg
미드나잇 쇼타임,Sixty Minutes to Midnight,http://file.koreafilm.or.kr/thm/02/00/05/34/TN_DPF019248.jpg
꼬마 자전거 타요,Bikes,http://file.koreafilm.or.kr/thm/02/00/05/34/TN_DPF019246.jpg
수퍼 디스코,Super Disco (Su-peo Di-seu-ko),http://file.koreafilm.or.kr/thm/02/00/05/34/TN_DPA001001.jpg
헤로니모,Jeronimo (He-ro-ni-mo),http://file.koreafilm.or.kr/thm/02/00/05/34/TN_DPA001000.jpg
엑스타시,Ecstasy,http://file.koreafilm.or.kr/thm/02/00/05/34/TN_DPF019240.jpg
킹스맨: 퍼스트 에이전트,The King's Man,http://file.koreafilm.or.kr/thm/02/00/05/34/TN_DPF019238.jpg
8·15전야,On the Eve of the Liberation Day ( Pariro Jeonya ),http://file.koreafilm.or.kr/thm/02/00/05/34/TN_DPK015072.jpg
배틀 래틀,Battle Rattle,http://file.koreafilm.or.kr/thm/02/00/05/34/TN_DPF019237.jpg
잃어버린 세계를 찾아서,Missing Link,http://file.koreafilm.or.kr/thm/02/00/05/34/TN_DPF019236.jpg
프렌드 존,Friend Zone,http://file.koreafilm.or.kr/thm/02/00/05/34/TN_DPF019235.jpg
테러 라이브: 싸이코패스,Terror Tales,http://file.koreafilm.or.kr/thm/02/00/05/34/TN_DPF019234.jpg
좀비 : 죽은 자들의 도시,Shed of the Dead,http://file.koreafilm.or.kr/thm/02/00/05/34/TN_DPF019233.jpg
원스 어폰 어 타임 인 할리우드,Once Upon a Time in Hollywood,http://file.koreafilm.or.kr/thm/02/00/05/34/TN_DPF019232.jpg
완벽한 주인,Outmastered,http://file.koreafilm.or.kr/thm/02/00/05/34/TN_DPF019228.jpg
로지,Rosy,http://file.koreafilm.or.kr/thm/02/00/05/34/TN_DPF019227.jpg
결코 죽지 않는 남자,Why Don't You Just Die!,http://file.koreafilm.or.kr/thm/02/00/05/34/TN_DPF019225.jpg
100일 동안 100가지로 100퍼센트 행복찾기,100 Things,http://file.koreafilm.or.kr/thm/02/00/05/29/TN_DPF018988.jpg
트루 시크릿,Who You Think I Am,http://file.koreafilm.or.kr/thm/02/00/05/31/TN_DPF019051.jpg
니나 내나,Family Affair (Ni-na Nae-na),http://file.koreafilm.or.kr/thm/02/00/05/32/TN_DPK015007.jpg
표류도,A Drifting Story (Pyolyudo),http://file.koreafilm.or.kr/thm/02/00/02/17/TN_DPK006500.JPG
청춘일번가,A Youth No. 1 (Cheongchun-ilbeonga),http://file.koreafilm.or.kr/thm/02/00/05/33/TN_DPK015068.jpg
히어로 이누야시키,Inuyashiki,http://file.koreafilm.or.kr/thm/02/00/05/29/TN_DPF018982.jpg
슬픔은 강물처럼,Sorrow Like River (Seulpeum-eun gangmulcheoleom),http://file.koreafilm.or.kr/thm/02/00/05/33/TN_DPK015066.jpg
진주탑,A Pearl Tower (Jinjutab),http://file.koreafilm.or.kr/thm/02/00/05/33/TN_DPK015064.jpg
퍼펙트 스트레인저,Perfect Strangers,http://file.koreafilm.or.kr/thm/02/00/05/35/TN_DPF019320.jpg
신문기자,The Journalist,http://file.koreafilm.or.kr/thm/02/00/05/33/TN_DPF019216.jpg
토막살인범의 고백,A Young Man with High Potential,http://file.koreafilm.or.kr/thm/02/00/05/31/TN_DPF019090.jpg
사회인,Our Baseball (Sahoein),http://file.koreafilm.or.kr/thm/02/00/05/33/TN_DPK015063.jpg
계절과 계절 사이,Between the Seasons (Gye-jeol-gwa gye-jeol Sa-i),http://file.koreafilm.or.kr/thm/02/00/05/33/TN_DPK015060.jpg
아워 바디,Our Body (A-wo-ba-di),http://file.koreafilm.or.kr/thm/02/00/05/33/TN_DPK015058.jpg
다운 어 다크 홀,Down a Dark Hall,http://file.koreafilm.or.kr/thm/02/00/05/33/TN_DPF019214.jpg
벨 칸토,Bel Canto,http://file.koreafilm.or.kr/thm/02/00/05/33/TN_DPF019213.jpg
체크 히어로,Checkered Ninja,http://file.koreafilm.or.kr/thm/02/00/05/33/TN_DPF019212.jpg
타이페이 스토리,Taipei Story,http://file.koreafilm.or.kr/thm/02/00/05/32/TN_DPF019102.jpg
그리운 얼굴 (그리운 그 얼굴),A Beloved Face (Geuli-un eolgul),http://file.koreafilm.or.kr/thm/02/00/00/63/TN_DPK000197.jpg
흰구름 가는 길,A Way for White Clouds (Huinguleum ganeun gil),http://file.koreafilm.or.kr/thm/02/00/05/33/TN_DPK015057.jpg
너를 만난 여름,My Best Summer,http://file.koreafilm.or.kr/thm/02/00/05/33/TN_DPF019194.jpg
시크릿 슈퍼스타,Secret Superstar,http://file.koreafilm.or.kr/thm/02/00/05/32/TN_DPF019144.jpg
신의 한 수: 귀수편,The Divine Move 2: The Wrathful (Sin-eui Han su: Gwi-su-pyeon),http://file.koreafilm.or.kr/thm/02/00/05/35/TN_DPK015106.jpg
람보 : 라스트 워,Rambo: Last Blood,http://file.koreafilm.or.kr/thm/02/00/05/33/TN_DPF019208.jpg
신요괴전: 나타요해,Nezha Conquers the Dragon King,http://file.koreafilm.or.kr/thm/02/00/05/33/TN_DPF019207.jpg
고골: 악령과의 전쟁,Gogol.Viy,http://file.koreafilm.or.kr/thm/02/00/05/33/TN_DPF019206.jpg
여수 밤바다,The Night View of the Ocean in Yeosu (Yeo-su Bam-ba-da),http://file.koreafilm.or.kr/thm/02/00/05/33/TN_DPK015050.jpg
더 킹: 헨리 5세,The King,http://file.koreafilm.or.kr/thm/02/00/05/33/TN_DPF019205.jpg
손오공2 - 대요룡궁,The Monkey King Caused Havoc in Dragon Palace,http://file.koreafilm.or.kr/thm/02/00/05/32/TN_DPF019149.jpg
레플리카,Replicas,http://file.koreafilm.or.kr/thm/02/00/05/31/TN_DPF019070.jpg
젊은 표정,A Young Look (Jeolm-eun pyojeong),http://file.koreafilm.or.kr/thm/02/00/02/17/TN_DPK006493.jpg
김두한과 서대문1번지,Kim Du-han and Lot 1 of Seodaemun (Gim Duhangwa Seodaemun1beonji),http://file.koreafilm.or.kr/thm/02/00/00/68/TN_DPK000663.jpg
재생,A Revival (Jaesaeng),http://file.koreafilm.or.kr/thm/02/00/05/33/TN_DPK015048.jpg
수상한 이웃,Rainbow Playground (Susanghan iut),http://file.koreafilm.or.kr/thm/02/00/05/30/TN_DPK014941.jpg
제미니 맨,Gemini Man,http://file.koreafilm.or.kr/thm/02/00/05/28/TN_DPF018890.jpg
파비안느에 관한 진실,The Truth,http://file.koreafilm.or.kr/thm/02/00/05/33/TN_DPF019201.jpg
텔 잇 투 더 비즈,Tell It to the Bees,http://file.koreafilm.or.kr/thm/02/00/05/35/TN_DPF019330.jpg
버티고,Vertigo (Beo-ti-go),http://file.koreafilm.or.kr/thm/02/00/05/33/TN_DPK015045.jpg
북간도의 십자가,(Bukgandoui sipjaga),http://file.koreafilm.or.kr/thm/02/00/05/33/TN_DPA000998.jpg
열두 번째 용의자,The 12th Suspect (Yeoldu beonjjae yonguija),http://file.koreafilm.or.kr/thm/02/00/05/33/TN_DPK015044.jpg
와일드 로즈,Wild Rose,http://file.koreafilm.or.kr/thm/02/00/05/34/TN_DPF019272.jpg
재혼의 기술,Remarriage Skills (Jae-hon-eui Gi-sul),http://file.koreafilm.or.kr/thm/02/00/05/33/TN_DPK015042.jpg
터미네이터: 다크 페이트,Terminator: Dark Fate,http://file.koreafilm.or.kr/thm/02/00/05/33/TN_DPF019187.jpg
죽거나 혹은 나쁘거나,Die Bad (Jukkeona Hogeun Nappeugeona),http://file.koreafilm.or.kr/thm/02/00/00/85/TN_DPK002299.jpg
대통령의 7시간,President's 7 Hours (Dae-tong-ryeong-eui Il-gop-shi-gan),http://file.koreafilm.or.kr/thm/02/00/05/33/TN_DPA000997.jpg
쿵푸 보이,Chhota Bheem Kung Fu Dhamaka,http://file.koreafilm.or.kr/thm/02/00/05/33/TN_DPF019177.jpg
버스데이 원더랜드,The Wonderland,http://file.koreafilm.or.kr/thm/02/00/05/33/TN_DPF019185.jpg
요화 장록수,Jang Nok-Su ( Yohwa Jang Nok-su ),http://file.koreafilm.or.kr/thm/02/00/05/33/TN_DPK015038.jpg
킹 페타르: 세계대전의 서막,King PetarⅠ,http://file.koreafilm.or.kr/thm/02/00/05/33/TN_DPF019184.jpg
스페셜 솔져,American Bullet,http://file.koreafilm.or.kr/thm/02/00/05/33/TN_DPF019183.jpg
미라클 시즌,The Miracle Season,http://file.koreafilm.or.kr/thm/02/00/05/33/TN_DPF019182.jpg
여배우들의 티타임,Nothing Like a Dame,http://file.koreafilm.or.kr/thm/02/00/05/33/TN_DPB000859.jpg
아이리멤버유,I Remember You,http://file.koreafilm.or.kr/thm/02/00/05/33/TN_DPF019180.jpg
안개 너머 하얀 개,A White Dog over the Fog (An-gae Neo-meo Ha-yan Gae),http://file.koreafilm.or.kr/thm/02/00/05/33/TN_DPK015037.jpg
파라노말 액티비티 2019,It Lives Inside,http://file.koreafilm.or.kr/thm/02/00/05/33/TN_DPF019178.jpg
스크림: 허수아비의 저주,Curse of the Scarecrow,http://file.koreafilm.or.kr/thm/02/00/05/33/TN_DPF019176.jpg
비뚤어진 집,Crooked House,http://file.koreafilm.or.kr/thm/02/00/05/33/TN_DPF019171.jpg
윈체스터,Winchester,http://file.koreafilm.or.kr/thm/02/00/05/33/TN_DPF019166.jpg
야곱의 사다리,Jacob's Ladder,http://file.koreafilm.or.kr/thm/02/00/05/32/TN_DPF019160.jpg
발명왕 볼트,Brave Rabbit 3: The Crazy Time Machine,http://file.koreafilm.or.kr/thm/02/00/05/32/TN_DPF019154.jpg
세상의 종말을 예언하는 소년: 프로디지,Prodigy,http://file.koreafilm.or.kr/thm/02/00/05/32/TN_DPF019153.jpg
플레이 메이커,Playmaker,http://file.koreafilm.or.kr/thm/02/00/05/32/TN_DPF019152.jpg
우리 생애 최고의 날,The Most Beautiful Day,http://file.koreafilm.or.kr/thm/02/00/05/32/TN_DPF019151.jpg
람메르무어의 루치아,,http://file.koreafilm.or.kr/thm/02/00/05/32/TN_DPB000858.jpg
Border,Border,http://file.koreafilm.or.kr/thm/02/00/04/76/TN_DPF015072.jpg
콜드 블러드 레거시,Cold Blood Legacy,http://file.koreafilm.or.kr/thm/02/00/05/32/TN_DPF019145.jpg
13일의 금요일 : 음모론의 시작,Friday the 13th : The Conspiracy Begins (13irui geumyoil : eummoronui sijak),http://file.koreafilm.or.kr/thm/02/00/05/32/TN_DPK015030.jpg
매트릭스,The Matrix,http://file.koreafilm.or.kr/thm/02/00/03/95/TN_DPF06697A.jpg
홍금보의 라이프타임 트레저,A Lifetime Treasure,http://file.koreafilm.or.kr/thm/02/00/05/32/TN_DPF019138.jpg
마법안개의 비밀: 황금 보물선을 찾아라,Captain Morten and the Spider Queen,http://file.koreafilm.or.kr/thm/02/00/05/32/TN_DPF019137.jpg
양자물리학,By Quantum Physics: A Nightlife Venture (Yang-ja-Mul-li-hak),http://file.koreafilm.or.kr/thm/02/00/05/29/TN_DPK014925.jpg
설국,The Land of Snow  (Seolgug),http://file.koreafilm.or.kr/thm/02/00/02/50/TN_DPK008450.jpg
한네의 승천,The Ascension of Han-ne (Hanne-ui seungcheon),http://file.koreafilm.or.kr/thm/02/00/02/50/TN_DPK008423.jpg
데드 위크: 인생마감 7일전,Dead in a Week or Your Money Back,http://file.koreafilm.or.kr/thm/02/00/05/32/TN_DPF019135.jpg
조커,Joker,http://file.koreafilm.or.kr/thm/02/00/05/32/TN_DPF019124.jpg
서북청년,A Northwest Youth (Seobugcheongnyeon),http://file.koreafilm.or.kr/thm/02/00/05/32/TN_DPK015021.jpg
애수의 언덕,Hill of Sadness ( Aesu-ui Eondeog ),http://file.koreafilm.or.kr/thm/02/00/05/32/TN_DPK015020.jpg
심판,Trial ( Simpan ),http://file.koreafilm.or.kr/thm/02/00/02/32/TN_DPK007366.jpg
작은 손,Little Hands,http://file.koreafilm.or.kr/thm/02/00/05/32/TN_DPF019132.jpg
마르타,Marta,http://file.koreafilm.or.kr/thm/02/00/05/32/TN_DPF019131.jpg
아이들,Kids,http://file.koreafilm.or.kr/thm/02/00/05/32/TN_DPF019130.jpg
아쉬미나,Ashmina,http://file.koreafilm.or.kr/thm/02/00/05/32/TN_DPF019129.jpg
CIA 데빌헌터,All the Devil's Men,http://file.koreafilm.or.kr/thm/02/00/05/32/TN_DPF019128.jpg
지구 침공의 날 2019,Cute Little Buggers,http://file.koreafilm.or.kr/thm/02/00/05/32/TN_DPF019127.jpg
요괴외전,Immortal & Demons,http://file.koreafilm.or.kr/thm/02/00/05/32/TN_DPF019123.jpg
다크 시티 : 뱀파이어의 습격,Corbin Nash,http://file.koreafilm.or.kr/thm/02/00/05/32/TN_DPF019122.jpg
평요전: 전설의 요괴 사냥꾼,Legend of Great Ming,http://file.koreafilm.or.kr/thm/02/00/05/32/TN_DPF019119.jpg
퍼펙트맨,Man of Men (Peo-pek-teu Maen),http://file.koreafilm.or.kr/thm/02/00/05/32/TN_DPK015026.jpg
일진 시즌 2: 도깨비,(Iljin sijeun 2: dokkaebi),http://file.koreafilm.or.kr/thm/02/00/05/32/TN_DPK015017.jpg
영 아메드,Young Ahmed,http://file.koreafilm.or.kr/thm/02/00/05/20/TN_DPF019116.jpg
화해,Make Peace (Hwahae),http://file.koreafilm.or.kr/thm/02/00/05/32/TN_DPK015016.jpg
볼펜 잡듯이,Lily (Bolpen japdeusi),http://file.koreafilm.or.kr/thm/02/00/05/32/TN_DPK015015.jpg
Neglected,Neglected (Hwageun),http://file.koreafilm.or.kr/thm/02/00/05/32/TN_DPK015014.jpg
여왕의 집,House of the Queen (Yeowangui jip),http://file.koreafilm.or.kr/thm/02/00/05/32/TN_DPK015013.jpg
얘네들 MONEY?!,What's Up with These Kids? (Yaenedeul MONEY?!),http://file.koreafilm.or.kr/thm/02/00/05/32/TN_DPK015012.jpg
나의 노래는 멀리멀리,"Free My Soul, Free My Song (Naui noraeneun meollimeolli)",http://file.koreafilm.or.kr/thm/02/00/05/32/TN_DPA000994.jpg
스티븐 시걸의 제네럴 커맨더,General Commander,http://file.koreafilm.or.kr/thm/02/00/05/32/TN_DPF019115.jpg
"아이, 간지러워","Mommy, It Itches! (A-i, gan-ji-leo-wo)",http://file.koreafilm.or.kr/thm/02/00/05/32/TN_DPK015011.jpg
A.I. 라이징,A.I. Rising,http://file.koreafilm.or.kr/thm/02/00/05/32/TN_DPF019111.jpg
누구를 위한 순정인가,(Nugureul wihan sunjeonginga),http://file.koreafilm.or.kr/thm/02/00/05/32/TN_DPK015010.jpg
파바로티,Pavarotti,http://file.koreafilm.or.kr/thm/02/00/05/32/TN_DPB000856.jpg
밀라,Milla,http://file.koreafilm.or.kr/thm/02/00/05/32/TN_DPF019108.jpg
런던워Z: 레드콘,Redcon-1,http://file.koreafilm.or.kr/thm/02/00/05/32/TN_DPF019107.jpg
뱅드림! 필름 라이브,BanG Dream! Film Live,http://file.koreafilm.or.kr/thm/02/00/05/32/TN_DPF019106.jpg
침입자,Cannibal Farm,http://file.koreafilm.or.kr/thm/02/00/05/32/TN_DPF019105.jpg
데드 바이 데이라이트,Quarries,http://file.koreafilm.or.kr/thm/02/00/05/32/TN_DPF019104.jpg
가장 보통의 연애,Crazy Romance (Ga-jang Bo-tong-ui Yeon-ae),http://file.koreafilm.or.kr/thm/02/00/05/32/TN_DPK015009.jpg
커피 느와르: 블랙 브라운,Coffee Noir: Black Brown,http://file.koreafilm.or.kr/thm/02/00/05/32/TN_DPK015008.jpg
"동물, 원","Garden, Zoological (Dong-mul, Won)",http://file.koreafilm.or.kr/thm/02/00/05/30/TN_DPA000987.jpg
선녀씨 이야기,The Last Night with Mom (Seonnyeossi iyagi),http://file.koreafilm.or.kr/thm/02/00/05/31/TN_DPK015002.jpg
Three Room,Three Room,http://file.koreafilm.or.kr/thm/02/00/05/31/TN_DPK015001.jpg
이스케이프 플랜 3,Escape Plan 3,http://file.koreafilm.or.kr/thm/02/00/05/31/TN_DPF019101.jpg
더 룸,The Room,http://file.koreafilm.or.kr/thm/02/00/05/33/TN_DPF019209.jpg
소피와 드래곤: 마법책의 비밀,The Princess and the Dragon,http://file.koreafilm.or.kr/thm/02/00/05/31/TN_DPF019059.jpg
울프 특공대,Operation Wolves,http://file.koreafilm.or.kr/thm/02/00/05/31/TN_DPF019098.jpg
스타워즈: 라이즈 오브 스카이워커,Star Wars: The Rise of Skywalker,http://file.koreafilm.or.kr/thm/02/00/05/31/TN_DPF019097.jpg
극장판 도라에몽: 진구의 달 탐사기,Doraemon the Movie 2019: Nobita's Chronicle of the Moon Exploration,http://file.koreafilm.or.kr/thm/02/00/05/25/TN_DPF018730.jpg
Ahco on the Road,Ahco on the Road (Akoui yeohaeng),http://file.koreafilm.or.kr/thm/02/00/05/31/TN_DPK015000.jpg
오토의 클래식 음악여행,Oto and Music,http://file.koreafilm.or.kr/thm/02/00/05/31/TN_DPF019096.jpg
쎈서,Censor,http://file.koreafilm.or.kr/thm/02/00/05/31/TN_DPF019095.jpg
마왕의 딸 이리샤,"Ireesha, the Daughter of Elf-King (Ma-wang-ui Ttal I-ri-sha)",http://file.koreafilm.or.kr/thm/02/00/05/31/TN_DPK014999.jpg
판소리 복서,My Punch-Drunk Boxer (Pan-so-ri bok-seo),http://file.koreafilm.or.kr/thm/02/00/05/34/TN_DPK015077.jpg
메기,Maggie (Me-gi),http://file.koreafilm.or.kr/thm/02/00/05/33/TN_DPK015053.jpg
헬로우 평양,A Postcard from Pyongyang,http://file.koreafilm.or.kr/thm/02/00/05/31/TN_DPB000855.jpg
집으로,The Way Home (Ji-beu-ro),http://file.koreafilm.or.kr/thm/02/00/01/60/TN_DPK005099.JPG
애월,Aewol - Written on the Wind (Aewol),http://file.koreafilm.or.kr/thm/02/00/05/30/TN_DPK014928.jpg
거절을 기대하는 고백,A Confession Expecting a Rejection (Geojeoreul gidaehaneun gobaek),http://file.koreafilm.or.kr/thm/02/00/05/31/TN_DPK014990.jpg
군산여행,Trip to Gunsan (Gunsanyeohaeng),http://file.koreafilm.or.kr/thm/02/00/05/31/TN_DPK014989.jpg
다정함의 세계,The Moment of Kindness (Da-jeong-ha-mui Se-gye),http://file.koreafilm.or.kr/thm/02/00/05/31/TN_DPK014988.jpg
自由萬歲,Hurrah! For Freedom (Ja-yumanse),http://file.koreafilm.or.kr/thm/02/00/05/31/TN_DPK014987.jpg
Fly by Night,Fly by Night (Yaganbihaeng),http://file.koreafilm.or.kr/thm/02/00/05/31/TN_DPK014986.jpg
푸른 사막,Blue Desert ( Pureun samak ),http://file.koreafilm.or.kr/thm/02/00/05/31/TN_DPK014985.jpg
쿵푸연맹: 사대천왕,Kung Fu League,http://file.koreafilm.or.kr/thm/02/00/05/31/TN_DPF019091.jpg
망각과 기억2 : 돌아 봄,Forgetting and Remembering 2: Reflection (Manggakgwa gieok2 : dora bom),http://file.koreafilm.or.kr/thm/02/00/05/31/TN_DPA000991.jpg
동백꽃,Camellia (Dongbaegkkoch),http://file.koreafilm.or.kr/thm/02/00/05/31/TN_DPK014981.jpg
더 몬스터,The Monster,http://file.koreafilm.or.kr/thm/02/00/05/31/TN_DPF019089.jpg
귀향,Coming Home ( Gwihyang ),http://file.koreafilm.or.kr/thm/02/00/05/31/TN_DPK014980.jpg
마,Ma,http://file.koreafilm.or.kr/thm/02/00/05/31/TN_DPF019088.jpg
Under the silver lake,Under the Silver Lake,http://file.koreafilm.or.kr/thm/02/00/05/31/TN_DPF019086.jpg
미드소마,Midsommar,http://file.koreafilm.or.kr/thm/02/00/05/31/TN_DPF019084.jpg
정희,(Jeonghui),http://file.koreafilm.or.kr/thm/02/00/05/31/TN_DPK014979.jpg
이타미 준의 바다,The Sea of Itami Jun (I-ta-mi Jun-ui Ba-da),http://file.koreafilm.or.kr/thm/02/00/05/26/TN_DPA000968.jpg
뷰티풀 보이,Beautiful Boy,http://file.koreafilm.or.kr/thm/02/00/05/30/TN_DPF019018.jpg
트러블 위드 유,The Trouble with You,http://file.koreafilm.or.kr/thm/02/00/05/31/TN_DPF019080.jpg
여대생 기숙사에서 생긴 일,The Row,http://file.koreafilm.or.kr/thm/02/00/05/31/TN_DPF019079.jpg
아름다운 여인,A Beautiful Woman (Aleumda-un yeo-in),http://file.koreafilm.or.kr/thm/02/00/05/31/TN_DPK014977.jpg
그대와 영원히,Forever with You (Geudae-wa yeong-wonhi),http://file.koreafilm.or.kr/thm/02/00/05/31/TN_DPK014976.jpg
플레이모빌: 더 무비,Playmobil: The Movie,http://file.koreafilm.or.kr/thm/02/00/05/30/TN_DPF019017.jpg
슈퍼 햄찌,Super Furball,http://file.koreafilm.or.kr/thm/02/00/05/31/TN_DPF019069.jpg
황비홍 - 사혼각성,The Rise of Hero,http://file.koreafilm.or.kr/thm/02/00/05/31/TN_DPF019068.jpg
런던 타겟,Outlawed,http://file.koreafilm.or.kr/thm/02/00/05/31/TN_DPF019067.jpg
장 폴 고티에: 프릭 앤 시크,Jean Paul Gaultier: Freak and Chic,http://file.koreafilm.or.kr/thm/02/00/05/31/TN_DPB000854.jpg
미드웨이,Midway,http://file.koreafilm.or.kr/thm/02/00/05/31/TN_DPF019065.jpg
사이코패스,Psychopaths,http://file.koreafilm.or.kr/thm/02/00/05/31/TN_DPF019064.jpg
타발루가와 얼음공주,Tabaluga,http://file.koreafilm.or.kr/thm/02/00/05/31/TN_DPF019058.jpg
어벤지먼트,Avengement,http://file.koreafilm.or.kr/thm/02/00/05/31/TN_DPF019057.jpg
컨덕트,The Soul Conductor,http://file.koreafilm.or.kr/thm/02/00/05/31/TN_DPF019056.jpg
작전명 아이다호,Last Seen in Idaho,http://file.koreafilm.or.kr/thm/02/00/05/31/TN_DPF019055.jpg
스페인 배낭여행 연쇄살인사건,Red Summer,http://file.koreafilm.or.kr/thm/02/00/05/31/TN_DPF019054.jpg
더 프로디지,Prodigy,http://file.koreafilm.or.kr/thm/02/00/05/31/TN_DPF019053.jpg
감염: 지구 최후의 날,Mountain Fever,http://file.koreafilm.or.kr/thm/02/00/05/31/TN_DPF019052.jpg
우키시마호,(Ukisimaho),http://file.koreafilm.or.kr/thm/02/00/05/26/TN_DPA000972.jpg
바우하우스,Bauhaus Spirit: 100 Years of Bauhaus,http://file.koreafilm.or.kr/thm/02/00/05/31/TN_DPB000850.jpg
안나와 종말의 날,Anna and the Apocalypse,http://file.koreafilm.or.kr/thm/02/00/05/31/TN_DPF019050.jpg
스워드 오브 갓,Sword of God,http://file.koreafilm.or.kr/thm/02/00/05/31/TN_DPF019049.jpg
"힘을 내요, 미스터 리","Cheer Up, Mr. Lee (Hi-meul Nae-yo, Mi-seu-teo Ri)",http://file.koreafilm.or.kr/thm/02/00/05/27/TN_DPK014850.jpg
비련의 홍살문,Red Gate of Tragedy (Bilyeon-ui hongsalmun),http://file.koreafilm.or.kr/thm/02/00/02/51/TN_DPK008499.jpg
로맨스그레이,Love Affair ( Romanseugrei ),http://file.koreafilm.or.kr/thm/02/00/02/21/TN_DPK006712.jpg
이별의 목적,The Art of Loving (I-byeol-ui Mok-jeok),http://file.koreafilm.or.kr/thm/02/00/05/31/TN_DPK014974.jpg
폭설,Savage,http://file.koreafilm.or.kr/thm/02/00/05/31/TN_DPF019048.jpg
9월의 사랑과 만날 때까지,Until I Meet September's Love,http://file.koreafilm.or.kr/thm/02/00/05/31/TN_DPF019047.jpg
월남전선 이상없다,Vietnam is All Right ( Wolnamjeonseon Isangeobda ),http://file.koreafilm.or.kr/thm/02/00/02/28/TN_DPA000988.JPG
파리에선 로맨스,Emma Peeters,http://file.koreafilm.or.kr/thm/02/00/05/30/TN_DPF019044.jpg
앳 퍼스트 라이트,First Light,http://file.koreafilm.or.kr/thm/02/00/05/30/TN_DPF019043.jpg
시리얼 킬러 연쇄살인범,Wake Up,http://file.koreafilm.or.kr/thm/02/00/05/30/TN_DPF019042.jpg
홀로코스트 생체실험,The Angel of Auschwitz,http://file.koreafilm.or.kr/thm/02/00/05/30/TN_DPF019041.jpg
할로우,Hollow,http://file.koreafilm.or.kr/thm/02/00/05/30/TN_DPF019040.jpg
트윈스,The Twins,http://file.koreafilm.or.kr/thm/02/00/05/30/TN_DPF019038.jpg
침입자들,Bodies at Rest,http://file.koreafilm.or.kr/thm/02/00/05/30/TN_DPF019037.jpg
체인지오버,The Changeover,http://file.koreafilm.or.kr/thm/02/00/05/30/TN_DPF019036.jpg
독립협회와 청년 이승만,Independence Association and Young Lee Shung-Man (Doglibhyeobhoe-wa cheongnyeon I(Lee) Seungman),http://file.koreafilm.or.kr/thm/02/00/00/63/TN_DPK000179.jpg
예스터데이,Yesterday,http://file.koreafilm.or.kr/thm/02/00/05/30/TN_DPF019035.jpg
스턱,Stuck,http://file.koreafilm.or.kr/thm/02/00/05/30/TN_DPF019034.jpg
비트코인 하이스트,Bitcoin Heist,http://file.koreafilm.or.kr/thm/02/00/05/30/TN_DPF019033.jpg
메시지 맨,Message Man,http://file.koreafilm.or.kr/thm/02/00/05/30/TN_DPF019030.jpg
로스트 인 마운틴,Walking Out,http://file.koreafilm.or.kr/thm/02/00/05/30/TN_DPF019029.jpg
자매의 화원,A Sister's Garden (Jamae-ui hwa-won),http://file.koreafilm.or.kr/thm/02/00/05/30/TN_DPK014968.jpg
라스트 배틀,Leaving Afghanistan,http://file.koreafilm.or.kr/thm/02/00/05/30/TN_DPF019028.jpg
나키의 저주 용의 부활,Nakee 2,http://file.koreafilm.or.kr/thm/02/00/05/30/TN_DPF019027.jpg
폐교,(Pyegyo),http://file.koreafilm.or.kr/thm/02/00/05/29/TN_DPK014918.jpg
대국,Human Stone (Dae-guk),http://file.koreafilm.or.kr/thm/02/00/05/30/TN_DPK014966.jpg
당신의 소년,The Boys (Dangsinui sonyeon),http://file.koreafilm.or.kr/thm/02/00/05/30/TN_DPK014965.jpg
지옥화,The Flower in Hell (Ji-ok-hwa),http://file.koreafilm.or.kr/thm/02/00/00/62/TN_DPK000084.jpg
아직 지나지 않은 여름,Still Summer (Ajing jinaji aneun yeoreum),http://file.koreafilm.or.kr/thm/02/00/05/30/TN_DPK014963.jpg
틴 스피릿,Teen Spirit,http://file.koreafilm.or.kr/thm/02/00/05/18/TN_DPF018296.jpg
디스트로이어,Destroyer,http://file.koreafilm.or.kr/thm/02/00/05/32/TN_DPF019118.jpg
장사리 9.15(가제),Battle of Jangsari (Jangsari: ityeojin yeongungdeul),http://file.koreafilm.or.kr/thm/02/00/05/30/TN_DPK014948.jpg
와인스타인,Untouchable,http://file.koreafilm.or.kr/thm/02/00/05/30/TN_DPB000843.jpg
인트루더,The Intruder,http://file.koreafilm.or.kr/thm/02/00/05/30/TN_DPF019021.jpg
홀리 랜드,Holy Lands,http://file.koreafilm.or.kr/thm/02/00/05/30/TN_DPF019020.jpg
상한 갈대를 꺾지마라,Don't Break Damaged Reeds ( Sang-han Galdaereul Kkeokjimara ),http://file.koreafilm.or.kr/thm/02/00/05/30/TN_DPK014945.jpg
사랑과 미움의 세월,Times of Love and Hatred ( Sarang-gwa Mi-um-ui Sewol ),http://file.koreafilm.or.kr/thm/02/00/05/30/TN_DPK014943.jpg
부전자전,"Like Father, Like Son (Bujeonjajeon)",http://file.koreafilm.or.kr/thm/02/00/05/30/TN_DPK014942.jpg
헬로 케이티,Katie Says Goodbye,http://file.koreafilm.or.kr/thm/02/00/05/24/TN_DPF018716.jpg
일대영웅,A Great Hero (Ildae-yeong-ung),http://file.koreafilm.or.kr/thm/02/00/02/45/TN_DPK008096.jpg
여인의 종착역,The Destiny of Some Woman (Yeo-in-ui jongchag-yeog),http://file.koreafilm.or.kr/thm/02/00/05/30/TN_DPK014940.jpg
우리들의 고교시대,Our High School Days (Ulideul-ui gogyosidae),http://file.koreafilm.or.kr/thm/02/00/05/30/TN_DPK014939.jpg
소녀의 기도,Prayer of a Girl (Sonyeo-ui Gido),http://file.koreafilm.or.kr/thm/02/00/02/49/TN_DPK008400.JPG
영광의 침실,A Glorious Bedroom (Yeonggwang-ui chimsil),http://file.koreafilm.or.kr/thm/02/00/05/30/TN_DPK014938.jpg
영구와 우주괴물 불괴리,(Yeongguwa uju goemul bulgoeri),http://file.koreafilm.or.kr/thm/02/00/05/30/TN_DPK014937.jpg
밤의 문이 열린다,Ghost Walk (Ba-mui Mu-ni Yeol-lin-da),http://file.koreafilm.or.kr/thm/02/00/05/25/TN_DPK014779.jpg
헌팅 오브 힐하우스,The Haunting of Sharon Tate,http://file.koreafilm.or.kr/thm/02/00/05/30/TN_DPF019019.jpg
나쁜 녀석들: 더 무비,The Bad Guys: Reign of Chaos (Na-ppeun Nyeo-seok-deul: Deo Mu-bi),http://file.koreafilm.or.kr/thm/02/00/05/30/TN_DPK014933.jpg
건달티처,(Geondalticheo),http://file.koreafilm.or.kr/thm/02/00/05/28/TN_DPK014888.jpg
나만 없어 고양이,"Hello, My Cat (Na-man Eop-seo Go-yang-i)",http://file.koreafilm.or.kr/thm/02/00/05/27/TN_DPK014838.jpg
펑크족의 꿈,A Punk Daydream,http://file.koreafilm.or.kr/thm/02/00/05/30/TN_DPB000841.jpg
지미 페이지 따라하기,Mr. Jimmy,http://file.koreafilm.or.kr/thm/02/00/05/30/TN_DPB000840.jpg
네레우스: 바다의 괴물,Nereus,http://file.koreafilm.or.kr/thm/02/00/05/30/TN_DPF019015.jpg
극장판 반지의 비밀일기,(Geukjangpan banjiui bimirilgi),http://file.koreafilm.or.kr/thm/02/00/05/30/TN_DPK014929.jpg
미드 90,Mid90s,http://file.koreafilm.or.kr/thm/02/00/05/30/TN_DPF019011.jpg
겨울전쟁: 105일간의 전투,Winter War,http://file.koreafilm.or.kr/thm/02/00/05/30/TN_DPF019010.jpg
벌룬,Balloon,http://file.koreafilm.or.kr/thm/02/00/05/30/TN_DPK014927.jpg
엘로이즈,Eloise,http://file.koreafilm.or.kr/thm/02/00/05/30/TN_DPF019007.jpg
카르마,Karma,http://file.koreafilm.or.kr/thm/02/00/05/30/TN_DPF019006.jpg
아메리칸 레슬러: 더 위저드,American Wrestler: The Wizard,http://file.koreafilm.or.kr/thm/02/00/05/30/TN_DPF019005.jpg
블라인드 멜로디,Shoot the Piano Player,http://file.koreafilm.or.kr/thm/02/00/05/31/TN_DPF019071.jpg
애드 아스트라,Ad Astra,http://file.koreafilm.or.kr/thm/02/00/05/30/TN_DPF019003.jpg
마이 블라인드 라이프,My Blind Date with Life,http://file.koreafilm.or.kr/thm/02/00/05/30/TN_DPF019002.jpg
미이라 리턴즈,Mummy Rebirth,http://file.koreafilm.or.kr/thm/02/00/05/29/TN_DPF019001.jpg
타짜: 원 아이드 잭,Tazza: One Eyed Jack (Ta-jja: Won A-i-deu Jaek),http://file.koreafilm.or.kr/thm/02/00/05/29/TN_DPK014922.jpg
위 워 솔져스,We Were Soldiers,http://file.koreafilm.or.kr/thm/02/00/05/29/TN_DPF019000.jpg
마탄의 사수,,http://file.koreafilm.or.kr/thm/02/00/05/29/TN_DPB000837.jpg
동행,A Walk Together (Donghaeng),http://file.koreafilm.or.kr/thm/02/00/05/29/TN_DPK014921.jpg
"센베노,평창","(Senbeno,pyeongchang)",http://file.koreafilm.or.kr/thm/02/00/05/29/TN_DPA000982.jpg
벌새,House of Hummingbird ( Beol-sae ),http://file.koreafilm.or.kr/thm/02/00/05/28/TN_DPK014876.jpg
그것: 두 번째 이야기,It Chapter Two,http://file.koreafilm.or.kr/thm/02/00/05/26/TN_DPF018828.jpg
코스를 벗어나,,http://file.koreafilm.or.kr/thm/02/00/05/29/TN_DPF018999.jpg
큰 늑대와 작은 늑대,Big Wolf & Little Wolf,http://file.koreafilm.or.kr/thm/02/00/05/29/TN_DPF018998.jpg
안녕 베일리,A Dog's Journey,http://file.koreafilm.or.kr/thm/02/00/05/28/TN_DPF018934.jpg
쥬,Zoo,http://file.koreafilm.or.kr/thm/02/00/05/29/TN_DPF018996.jpg
오션스: 문어구출대작전,Happy Little Submarines 4 : Adventure of Octopus,http://file.koreafilm.or.kr/thm/02/00/05/29/TN_DPF018995.jpg
봉오동 전투,The Battle: Roar to Victory (Bong-o-dong Jeon-tu),http://file.koreafilm.or.kr/thm/02/00/05/26/TN_DPK014810.jpg
나의 시대,My Generation,http://file.koreafilm.or.kr/thm/02/00/05/29/TN_DPF018992.jpg
더 바이 바이 맨,The Bye Bye Man,http://file.koreafilm.or.kr/thm/02/00/05/29/TN_DPF018990.jpg
아름다운 악녀,A Beautiful Wicked Woman (Aleumda-un agnyeo),http://file.koreafilm.or.kr/thm/02/00/00/62/TN_DPK000077.jpg
밤을 통곡한다,Wails of the Night ( Bameun Tonggokhanda ),http://file.koreafilm.or.kr/thm/02/00/05/29/TN_DPK014910.jpg
메두사,The Medusa Touch,http://file.koreafilm.or.kr/thm/02/00/05/29/TN_DPF018987.jpg
유열의 음악앨범,Tune in for Love (Yu-yeol-ui Eu-mak-ael-beom),http://file.koreafilm.or.kr/thm/02/00/05/27/TN_DPK014864.jpg
불빛 아래서,Life Is a Dream We'll Wake up and Scream (Bul-bit A-lae-seo),http://file.koreafilm.or.kr/thm/02/00/05/29/TN_DPA000980.jpg
타워,The Tower,http://file.koreafilm.or.kr/thm/02/00/05/29/TN_DPF018985.jpg
강변호텔,Hotel by the River (Gang-byeon ho-tel),http://file.koreafilm.or.kr/thm/02/00/05/06/TN_DPK014443.jpg
청춘 돼지는 꿈꾸는 소녀의 꿈을 꾸지 않는다,Rascal Does Not Dream of a Dreaming Girl,http://file.koreafilm.or.kr/thm/02/00/05/29/TN_DPF018984.jpg
헌팅 엠마,Hunting Emma,http://file.koreafilm.or.kr/thm/02/00/05/29/TN_DPF018981.jpg
핀란드의 이방인,A Moment in the Reeds,http://file.koreafilm.or.kr/thm/02/00/05/29/TN_DPF018980.jpg
프라이빗 워,A Private War,http://file.koreafilm.or.kr/thm/02/00/05/29/TN_DPF018979.jpg
투모로우 2019: 지구 대 빙하기,Shangri-La : Near Extinction,http://file.koreafilm.or.kr/thm/02/00/05/29/TN_DPF018978.jpg
컨저링 맨션,House of Violent Desire,http://file.koreafilm.or.kr/thm/02/00/05/29/TN_DPF018977.jpg
인생 후르츠,Life Is Fruity,http://file.koreafilm.or.kr/thm/02/00/05/29/TN_DPB000835.jpg
Lola,Lola,http://file.koreafilm.or.kr/thm/02/00/04/96/TN_DPF016432.jpg
도심 속의 방,A Room in Town,http://file.koreafilm.or.kr/thm/02/00/05/29/TN_DPF018969.jpg
당나귀 공주,Donkey Skin,http://file.koreafilm.or.kr/thm/02/00/05/29/TN_DPF018967.jpg
안나,Anna,http://file.koreafilm.or.kr/thm/02/00/05/29/TN_DPF018973.jpg
로슈포르의 숙녀들,The Young Girls of Rochefort,http://file.koreafilm.or.kr/thm/02/00/05/29/TN_DPF018971.jpg
딥 스페이스: 외계접촉,Deep Six,http://file.koreafilm.or.kr/thm/02/00/05/29/TN_DPF018970.jpg
노벰버 크리미널즈,November Criminals,http://file.koreafilm.or.kr/thm/02/00/05/29/TN_DPF018968.jpg
추적자,3 Lives,http://file.koreafilm.or.kr/thm/02/00/05/29/TN_DPF018966.jpg
캣츠,Cats,http://file.koreafilm.or.kr/thm/02/00/05/29/TN_DPF018965.jpg
협객,Legendary Treasure,http://file.koreafilm.or.kr/thm/02/00/05/29/TN_DPF018963.jpg
이터널 윈터 여자 포로수용소,Eternal Winter,http://file.koreafilm.or.kr/thm/02/00/05/29/TN_DPF018962.jpg
세이빙 레닌그라드,Saving Leningrad,http://file.koreafilm.or.kr/thm/02/00/05/29/TN_DPF018961.jpg
마리오,Mario,http://file.koreafilm.or.kr/thm/02/00/05/29/TN_DPF018958.jpg
동키 킹,The Donkey King,http://file.koreafilm.or.kr/thm/02/00/05/28/TN_DPF018903.jpg
분노의 질주: 홉스 & 쇼,Fast & Furious Presents: Hobbs & Shaw,http://file.koreafilm.or.kr/thm/02/00/05/29/TN_DPF018949.jpg
커런트 워,The Current War,http://file.koreafilm.or.kr/thm/02/00/04/77/TN_DPF015089.jpg
