user_id,review,score
달걀몬(stel****),진심  너무 재밌게봄ㅋㅋㅋㅋ,10
ferr****,연인이 아닌 친구사이의 남녀가 함께 보면 조금 어색해질 수 있으니 주의...,8
smwb****,캐스팅 완전 좋다.,10
미래설계(rldj****),이런 영화 좋아요 <3,10
rami****,완전 재밌게봄ㅋㅋ 남여사이에 쿨한 친구사이는 없다,10
gamw****,재밌!,10
psj5****,3번이나 본 영화! 안에 대사들도 그렇고 소소한것들이 빵빵터진다 뻔한스토리지만 뻔하지않게 풀어낸것 같음 뭣보다 배우들 캐스팅이 아주좋음!,10
반딧불이(jeff****),미국의 자유로운 문화도 엿보였던ㅋ 커플끼리 보면 더재미있을듯  밀라쿠니스 참  이쁘고 섹시하네요!!,10
원숭용(monk****),잼나 !!둘이너무 귀엽고...여자 강해보이지만  상처받고 그마술상자안으로 숨을때 너무 슬펐음  해피앤딩좋다!,10
영국남자(swat****),팀버레이크의 연기가 조금 부족하긴 했지만 이렇게 재밋게 본 로멘틱 코미디 몇 개 없네 ㅋㅋㅋ 모든 로멘틱 코미디가 그렇듯이 좀 뻔한 전개지만 확실히 잘 만든 영화임에는 틀림이 없네요. 가벼우면서도 달달하고 화끈한 작...,9
쏘지마님(sson****),결말이 모든걸 말해준다 남녀 간 진짜 친구는 없다,8
SUPER(0078****),새벽에 보고 기분좋아지는 영화,10
스매니아(pass****),게이연기는 우디해럴슨이 지존..그런데 문열면서 섹스에 돌입하는 그런 남북전쟁때 하던 장면이 현재에도 헐리웃에 통용되는 건 놀라울 따름이다,8
음악이야기(odol****),전에 봤던 영화이지만 영화에서 해피엔딩으로 끝나지만 현실에선 친구와 친구사이에서 썸을 타다가 그기간이 지속되면 썸으로 끝나는 경우가 많더라구요. 결론은 서로 사랑한다면 둘 중에 하나는 남자가 되든 여자가 되든 적극적...,9
맛난감자(rd72****),"연애관은 4G, 공식은 2G",7
아라가키(m132****),미국은 참 어떤 장르의영화를 만들어도 왜케 재밌게 잘만들까.... 영화 정말재밌다 어휴 미국가고싶네 ㅠㅠ,10
star****,아버지때문에 몇번이나울었네 ㅠㅠㅠ 뉴욕.. 미국의삶은정말이럴까?? 영화속삶이 정말 인간다운삶이라고 느껴진다.. 우리나라도 이렇게 자유로운 나라가 될수없는걸까..,10
zephyr(tn99****),주변 인물들까지 매력 있음~!,10
djwkfjd(anse****),진짜 1시간40분이 20분같이 지나감,10
화창한날(dayu****),취향저격하는 영화  완전 재밌음ㅋㅋ,10
쿨쿨이(mi86****),로맨스 공식을 충실하게 따랐지만 톡톡튀는 대사와 캐릭터가 유쾌하고 신선함을 더했다,8
13시39분(gion****),"영화와 비슷한 상황이라 고민이 많던중 친구가 추천해서 보게 됬는데 very good!!!! 유머코드도 좋고 대사도 폭풍공감 그리고 유일한 친구나 다름 없는 엄마와 딸의 관계, 아빠와 아들의 관계. 너무 좋았어요. 밀...",10
라즈알굴(dlwo****),아는데도 재밌다.,8
become(park****),밀라쿠니스 같은 여자를 친구로 어케둠 ㅋㅋㅋㅋ,9
상콤(ddal****),처음엔 뻔한 로코겠거니 별 생각없이 보다가 완전 빠져들어서 봄.... 캐스팅 너무 좋다! 여주인공 캐릭터도 밀라 쿠니스 완전 매력적임! 대사들도 재밌고,8
유천독재(kill****),저스틴 팀버레이크한테 반함,10
joonyuk0913(vkxm****),이 영화 완전 내 스타일이야ㅋㅋ 7번봤다.,10
mindmore(u2ki****),거침?없이 달달해서 좋다 I ♥ NY,8
맨체스터유니드니킥(shut****),아메리칸 마인드를 갖고싶다,9
shgibd(1228****),남주여주둘다너무귀엽고사랑스럽ㅠㅠ딱 로코지만 우리나라 정서에서는 나올수없는 영화라 그런지 신선하고 재밌음!!,10
욱소(rode****),나쁘지 않았다. 분위기가 밝고 유쾌한 영화!,8
가젤(wocj****),"서로 대비되는 두 도시(바쁜 도시 뉴욕, 휴양의 도시 LA)를 여행하고온 기분이다. 사랑과 우정을 왔다 갔다 하는 두 남녀의 이야기도 잘 버무려져서 보기 좋았다.",10
양비량(sksm****),둘이 실제로 사궈도 잘 어울릴듯!! 넘 잘 봤어요,10
귤(eoe2****),다른 것 보다 대사 한 마디 한 마디가 너무 센스있어서 몰입할 수 밖에 없다.,10
샤가럽(egks****),이런 느낌의 영화가 가끔은 부러울 때가 있다.,7
thkf****,9점짜리영화★☆ 내가너무재밌게봤나 이것저것따질것없이 정말 유쾌하고 보는내내 행복했던영화,9
kiss****,멜로 영화 안보는데 잼있게 봤다. 역시 남여사이는 친구가 될 수 없다는 건 만국공통 진리임. 여배우 매력적이다.,8
크리에이태로(rnfk****),방금 슈퍼액션에서 해서 무심코봤는데 정말 재미도 재미지만 현실적인 명대사도 많구 아버지랑 팬티입고 식사하는장면도 하 암튼 굿굿,10
안혜원(ahw8****),편하게 볼 수 있는 로맥틴 코메디에요 ㅎㅎ 둘다 연기도 괜찮으니가 ㅎㅎ,10
pos1****,사랑과 삶에 대해서 더 깨닫게 해준 영화 인것 같다.,9
해피걸(miya****),생각보다 훨~씬 재밌었어요,10
홍조(gowa****),재미씀ㅋㅋㅋ이런류영화 추천좀해주세요ㅠㅠ,10
iiao****,웁시 ㅋㅋㅋ 영화 재밌어요^.^*,10
peanut(marm****),완전 재밌게 봤다. 나도 저런 친구..,9
beau****,"뻔한영화, 킬링 타임용!",4
kjsn****,진짜 웰메이드 로코인듯ㅋㅋㅋ,10
shs2****,너무 기분좋아지는 영화네요 평점이 너무 낮은듯,10
Yoon(god4****),오랜만에 재밌게본 헐리우드식 로맨스영화였음.,10
방유진(yur9****),재밌음ㅋㅋㅋ추천합니다!!,10
태우엄마(sdc2****),너무재밌는데..흠잡을때가없음!,10
스머프(song****),유쾌하고 재밌는영화다  남녀간의 친구사이는 힘들지...,10
dlqj****,보는 내내 지루하지않고 여운없이 깔끔하게 잼밌는영화였습니다,10
이씀(gg56****),진정한 로멘스 코메리 와우,10
별명명명(godc****),와우재밋썽 캐스팅 굿!,9
dnru****,전 재밌게 봤네요ㅎㅎㅎ,8
xodu****,너무 재미있게 봤어요 ㅋ 연기도 잘하구 몰입이 잘되네요,10
이호선(jose****),하.... 연애하고싶다 ㅜ,10
panp****,오랜만에 다시봤는데 재밌네요ㅋㅋ,10
미상(ghcm****),평점이낮네  재밋는데.,10
비린내나는부둣가를(rock****),"여주 이쁘고 매력있다, 쫌 지루하고 유치하다 영화는 해피엔딩으로 끝나지만 현실에서 이런식으로 썸타다가 서로에게 서운해져서 끝나는 남녀 엄청 많다",6
alps****,이보다 식상할 수 있을까?,6
하림(bibl****),너무 재밌음 저스틴 팀버레잌인줄은 몰랏네,9
rryy(seek****),진짜 로맨틱코메디의 정석ㅋㅋㅋ,9
1078(hepi****),평점 왜이리 낮지? 진짜 재밌게 봤는뎈ㅋㅋㅋ 짧고 굵음 인생영화,10
레어리(lees****),Mila Kunis !!!,9
졔졔(zeze****),투닥투닥 대화하는 장면들이 제일 귀엽고 예쁘다 친구같은연애를 보여주는 대표적인영화. 질투를 느끼고 머리가 복잡해지면서 결국 이감정이 사랑이라는걸 알게되는 뻔하지만 공감되는 내용의 기분좋은영화. 개인적으론 평점9.2 ...,10
핑크러브(timo****),이런 영화 너무 좋음 ㅎㅎㅎ,10
dmsq****,별기대 안하고 봤는데 너무 재밌다. 캐릭터들도 정말 매력적이고 시간 가는 줄 모르고 봄ㅋㅋ,9
qlsr****,티비에서해주길래봤는데 꿀잼ㅋㅋㅋ이런게로멘틱코미디지ㅋㅋㅋ,9
조한나(jona****),my favorite,10
뽀라리(kina****),이런거짱좋음ㅜㅜㅜㅜ,10
clan****,꿀잼ㅋㅋㅋ 재미따진짜!!,10
규원사화(hamj****),뻔하디 뻔하지만 즐거운 1시간 반의 시간,8
수(luna****),킬링타임으로 보기 좋아요!,8
pera****,로코 재밌게 본적이 없는데  이 작품은 50대인 여자가 봐도 너무 재밌네요.  오랜만에 혼자 웃으면서 봤어요. 강추,9
ㅑㅑ(kp18****),진짜웃김ㅋㅋ 미국코메디답지 않은 유머. 배경인 뉴욕 명소 구경하는 재미도 쏠쏠. 세번봐도 잼,10
영자(yhch****),간만에 본 멜로영화중 최고 ㅋㅋ,10
철사마님짱(exvn****),로맨틱코메디로서는 명작중 하나 평점 조정!,10
이재인(wodl****),첨엔 전개도 빠르고 그냥 그랬는데 뒤로갈수록 좋음ㅎㅎ 저스틴 자연스럽게 연기 잘하네요ㅋㅋㅋㅋ,9
클로이드(subi****),완전 달달 ㅋㅋㅋㅋ..,10
그으래(kyuw****),재밌게 웃으면서 봄 ㅋㅋㅋㅋ,9
소담담(riri****),로맨틱 코매디 좋아하시면 아주아주 강추합니다:) 허니잼!,10
kelly(poro****),우선 주연여배우가 너무 섹시하고 닮고싶을정도로 목소리가 너무 매력적이였어요.. 글구 남주랑도 환상의.콤비.. 글구 내용도 너무 현실적이네여..,10
ㅇㅇ(jwso****),왜 이저서야 봤는지 모르겠을만큼 재밌었다,10
Rachelle(rach****),저스틴이 정말 큐트하게 나온 영화. 밀라 쿠니스 캐릭터도 상당히 좋았다. 캐릭터 궁합이 영화을 더 감칠맛나게 해준 것 같음^ㅡ^ 즐겁고 재밌게 보았습니당,10
냠냠이(eimi****),평점에 비하면 재밌고 유쾌하다!!,9
kjm2****,질리지 않고 굳굳 여주 너무 매력적이에요,10
shou****,결말은 보이지만 충분히 재밌는 로코!!!,8
김먹경(andy****),오랜만에 찡하네,10
dldn****,진짜  제가 본 영화중 최고에요,10
Planet J(blue****),앞의 앞이 보이지만 눈을 뗄 수 없는 매력을 가지고 있다..,7
지터(maxd****),생각날때 찾아보게되는 로맨틱 코메디 영화! 참 좋아요 봐도봐도 정말!,9
붐붐이(ksk5****),여자가 이쁘니 영화도 재밌구나,9
qudtlsdk(lsa4****),저스틴 짱짱,8
esma****,정말 뻔한 영화.. 저스틴 이름값이 아깝다 이누마,1
임혜빈(lkjy****),재밌다,10
ㅎㅎㅎㅎ(wlst****),잼따!,9
sckc****,배경과 ost가 좋았던 영화,8
차선변경(snzi****),"시대차이가 덜 느껴지는 한계가 딱 9,10년 정도 되나보네요  비록 제목부터 소품, 플래시몹까지 시대상이 반영된  영화지만 밀라쿠니스 매력이나 팀버레이크의 점프는 영원히 남을듯",10
몬(moni****),미쿡..뉴욕 구경 잘했어요,8
웃자(priz****),볼거 없어서 봤는데 이렇게 재밌을줄이야,8
1cm(gusd****),가장 좋아하는 영화입니다?♀?,10
토토짱(dyst****),일상을 공유하는데다 몸을 섞는데 친구가 될 수 있을리가..  역시 남녀 생각하는게 다르다는 것도 공감. 부가적으로 뉴욕 여행 뽐뿌오는 영화.,8
윤경짱(meso****),유치하고 유치하지만 주인공들 매력으로 멱살잡고 끌어올리는영홬ㅋ 저스틴 너무사랑스럽쟈나,8
jerr****,재밌고 지금 봐도 세련됨,10
lis5****,개재밌음 ㅋㅋㅋㅋ꿀잼,10
ggab****,재밌어요!!! 또봐야지,10
강래민(rhff****),진짜 너무 재밋게 본 영화!!,10
dhk(wkdm****),밀라 쿠니스 정말 매력있군요,10
지비(glay****),아 꿀잼!! 생각없이 보기 좋음..보드를 좋아하는 사람으로써 숀화이트도 반가웠고ㅋㅋㅋㅋ,10
포대화상미륵존여래불(baks****),헐리우드(HOLLY WOOD)입간판글자중에서 첫번째 오(O)에 무단으로 올라갔다가 헬기를 타고 진압해오는 LAPD(엘에이 경찰)에 고소공포증인 남자주인공이 글자위에서 뛰어내리지 못하고 결찰헬기에 밧줄로 묶여서 담요에...,10
강따이호우(sunr****),진심 꿀잼 ㅋㅋㅋ 자잘한 개그코드가 많네요 그래서 더 재밌게본듯,10
구준모(gu_j****),오랜만에 몰입해서 본 로코♡남주여주 티격태격 캐미 너무 좋고 속도감 있는 전개에 시간 순삭!,10
율곡(ekq8****),미국영화특유의 유머와 빠른 대사템포 너무 재밌고 흥미로웠고 여운도 있는 결말 진심 재밌었어,10
재규어(popy****),여주 이쁘네~ 킬탐 로코,6
와우v(dho7****),저스틴♡ 다봤어요 저는♡♡,10
린아단아(ghsk****),다시 사랑하고 싶게 만드는 영화네요~,10
muta****,뚁땽해 ㅜㅜ 뚁땽하다규-,10
zzoo****,유쾌한영화기분좋아짐,10
싱하형(94al****),뻔해서 재미있는 이야기지루하지 않게 만든 스토리가 좋았다,10
nectar2(winh****),한국 드라마랑 비슷한 느낌.. 거기서 거기 뻔한결말.,5
프로디지(comp****),몇번봐도 잼있는영화 ㅎㅎㅎㅎ,10
필라리(pjsp****),재밌게 잘 봤어요:) 특히 뉴욕 배경이 좋았어요,8
뻬뻬로(21st****),우리 정서와 많이 달라서 재밌는 영화,8
moya****,전혀 지루하지 않고 너무 재밌게 봤다 또 보고싶다,8
루마니아(rhdb****),첨 나왔을때 봤을땐 뻔한 영화였는데 나이 먹고 보니 완전 다른 영화네 ㅋㅋㅋ신선하고 재밌다!! 밀라쿠니스 정말 너무 예뻐 ㅠㅠ,10
뽀메(sel5****),달콤살벌한 친구?^^행복한 시간이었다 보는내내달달구리~♡인연은 한번에알아보는게아니라..조금씩스며들어오는것...놓치지말자,10
붉은노을(asun****),밀라 쿠니스가 매력적으로 나오는 유쾌한 영화,5
새로밉니다(saer****),유쾌한 둘의 사이가 너무 보기 좋았다- 너무 사랑스러운 조합! 또 보고 싶은 영화,10
레브톰다필베톰(kill****),가벼워 보이지만 사실 가볍지 않은 내용. 완벽하게 캐스팅된 너무나 사랑스러운 주인공들. 그리고 뉴욕의 아름다움과 낭만에 취하는 영화.,10
은하(tmss****),포스터가 저 OO이니까 아무도 안보지..,7
두루미군(lind****),볼만해요 %^%^%^%^%^%^,10
zys(marv****),"재밌고 감동도 있고, 과장된 한국 영화는 멀었구나 ㅋㅋ",10
Erin(dbal****),이런 장르의 영화 가볍게 하지만 재미있게 보기 좋은 것 같아요 ㅎㅎ,10
악마의 재능(rjsw****),사랑인것을 몰랐던 관계. 사랑을 알아가는 성장이야기,9
사랑햄(bye6****),친구에서 연인으로 큰 흐름은 클리셰를 따라 정석으로 흘러가는데 군데군데 집어넣는 장치와 대사들이 특별하게 느껴집니다ㅠㅠ캐릭터가 살아있어서 유머도 살아있고 영화자체가 상당히 톡톡 튑니다ㅋㅋㅋ,10
ㅇㅇㅇ(nazz****),응 7점이요~아빠 알츠하이머 맞음?,7
하루종일(buoh****),뉴욕구경 LA구경하는 재미가 쏠쏠함. 주인공들의 연애 얘기는 뭔가 부수적인거 같음.,8
rlat****,저스틴 목소리가 상당히 하이톤일때 좀 불편하드라구옄ㅋㅋ,4
ssoll(ssol****),오랜만에 본 즐거운 영화 !,10
응아니야(balg****),비슷한 상황이라 참 재미있게 본 영화,10
마를(ahj9****),500일의 썸머만큼 두고두고 회자될 영화. 야하지 않고 코믹한 배드신. 가장 재미없는 부분을 굳이 꼽자면 배드신. 로맨스는 그다지 관심이 없는데 주인공들이 너무 매력적이고 케미 돋아서 즐거웠고 무엇보다 영화가 가족을...,10
O NEIIL(vann****),굳ㅋㅋㅋ 한번은 진지하게 볼만함!,10
kang****,간만에 플레이리스트에 넣을 영화 발견 ㅠㅠㅠ팀버레이크너무좋다,10
별의조각(joe1****),이런게 진짜 미국식 연애인가? 정말 쿨한 연애스토리,7
보라도리(do30****),진짜재밋게본거같아용ㅋㄱㅋ,10
unio****,와 숨겨진명작!!완전재밌음,10
농부의 야참(simh****),재밌네 재밌어킬링타임용으로 딱,10
동국인(nkj6****),아 잘봤닼ㅋㅋ잼잼뀰잼,10
김하은(haeu****),연애 하고 싶게 만드는 영화 ㅋㅋ 남주가 넘 매력적,10
배유리(wnwl****),"가볍게 보려다 그러지 못한 영화, 평생의 교훈을 얻고 갈 줄 이야.",10
da30****,너무나도 유쾌한  내 생의 최고의 영화,10
역주행(girl****),중간에 끄고 싶었지만 찝찝해서 끝까지봄,1
육륙(hanm****),봐도봐도 재밋음 개꿀잼 여주 조오오오오온예,10
찹쌀떡(wldl****),뻔한 결말이지만 킬링타임용으로 좋음,8
챔스황제의 귀환(cjhc****),볼만했다 요정도? 근데 이게 왜 코미디냐 ㅡㅡ,6
냐옹씨(toso****),인생영화다!!! 유머도 만족스럽다 ㅎㅎ,9
딘듀다앗(kjj4****),남녀사이엔 친구가 될수없다는 실사판,9
yea4****,막장의 끝이지만 저스틴때매 봐줄만했다,6
syoc****,남녀 친구 간의 도를 지나치지 않는 에로틱과 발랄한 브로맨스,6
Ola(sjw8****),으아아아 배알 꼴려!!!! 살려줘,10
돼지(alsx****),처음엔 신나고 재밌었는데 뒤로 갈수록 약간 지루해짐...그래도 추천할만한 섹시한 로맨틱 코미디인 것은 확실!!♡ :-),8
용용(cywo****),밀라쿠니스 매력적.ㅋㅋ,7
whia****,많은걸 기대 안한다면 기냥 술술술 봐진다.,6
써리나(rlau****),가볍게보기좋은 로코물 ㅋ 여주가 예쁘고ㅜ지루하지도않고 해피앤딩이보기좋네요 ㅎ,8
베다(ailn****),재밌다. 누구나 저럴때가 있지!!,8
mimimi(hoos****),딱좋은 킬링타임용 영화 ㅋㅋ시간 훌떡지나감,7
나는야 속기사(ljra****),전체적인 컨셉자체는 이해할수 없지만 그냥 그대로 받아들여서 보면 재밌고 로맨틱하다.,8
최강두산(lott****),깊이는 없었지만 킬링 타임용으론 괜찮아요,8
흐드러짐(jmjw****),저스틴이 연기잘해서 진심 놀랐음밀라쿠니스도 자연스런연기재밓음,8
쁘띠달링(dayo****),재밌네요. 스토리 개연성도 괜찮고 재밌었어요~ 원래 제평점은8점인데 평점높이기용,10
한(fash****),이런 로코물 아주 좋아~~ 결말이야 뻔하지만 그래도 끌림~ ^^,9
소핫(jk97****),예전에 보고 오늘 다시 봤지만 역시 영화는 두번이상 봐야 제 맛. 재밌게 잘봤어요,9
교(caff****),누구나 짐작할 수 있는 결말이지만 그래도 그 과정이 즐겁다. 캐릭터도 좋고 케미스트리도 좋고 트렌디하고 통통튀는 딱 좋은 로맨틱코미디!,8
퓨어블루(su10****),가볍고 재밌게 볼수 있는영화 !! 이런거 너무좋앙 !!,9
주인공(yaho****),진짜 재밌었는데 평이 생각보다 낮네 ㅋㅋ 그 할리우드에 헬리콥터 씬에서 관객들 다 빵터짐 ㅋㅋㅋ,10
쏠(korn****),저스틴이 휴잭맨을 닮았다고 느끼는건 이상한가. 밀라쿠니스가 이렇게 로멘틱코미디와 잘 어울렸던가. 가볍지만 적당하다,6
zepp****,걍 솔직히 킬링타임으로 볼만함,7
라이너군(tear****),재치있는 대사들을 핑퐁처럼 쉴 새 없이 주고 받는다. 시놉시스는 별 것 없지만 연출/연기 좋고 대사는 어찌나 세련되던지.,8
mylh****,이십대후반들이 좋아할 내용인거같아요~잼있네요~둘이 실제로 사겼으면좋겟다 ㅜ ㅜ,9
아모르바이올렛(love****),한국정서와는 약간의 괴리감이 느껴지지만 그걸 대수롭지않게 여길만큼 재밌다!,9
갈영범(ybka****),정말괜찮게 본영화 ㅋㅋ여자들이좋아할만한 영화에요,10
cont****,감각적이지만 새로울 건 없다,7
lykkelly(lyk0****),"가벼운 듯 하지만 시시하지 않은 영화. 이 시대의 모습을 여러모로 밀도감있게 잘 반영한 것 같다. 밀라쿠니스 정말 매력있게 나옴. 나에게 좋은 영화의 기준은 지루함 없이 몰입하게 만드는가,이므로 이 영화도 good....",9
더함쌤(dain****),캐스팅도 내용도 굿!,9
jang****,너무재밌어ㅠㅠㅠ,10
지원더풀(wond****),유쾌함 ㅎㅎ 밀라 쿠니스 짱 귀엽!!,7
이른아침(jsj3****),오랜만에 즐긴 로맨틱코미디!,10
니꼬라지(hela****),너무 멋있는 영화. 환한 느낌을 준다,9
Trudi(laro****),완전 잼나게 본 영화. 2년이 지난 지금까지도 생각나요. 저스틴 완전 귀여움^^,10
죠마(for_****),정말 재밌게 본 영화! 연출도 세련되고 OST도 전부 다 좋았어욤!!,10
마시멜롱(vivi****),ㅇㅇ,10
BOONBOON(eye0****),흠과연 남녀는 친구사이는 못되나봄,7
johnconnor(guev****),그다지 흥미로울게 없군,5
entu****,밀라찡♥,9
밍셩(dtkm****),눈 호강 하면서 봤다. 내가 좋아하는 두 주연배우가 나와서 ㅎㅎ,8
tnfu****,몰입도두 좋구 재미남,9
부르주아(jms5****),"전형적인 서구식 로맨틱코미디! 설정이 신선하지 않아서 지루할수도 있지만, 배우들의 명연기 덕에 끝까지 다봤다. 밀라 쿠니스의 매력에 빠졌다. 중간에 깨알같은 코미디도 일품! 현실적이다. 마지막에 깨알같은 엔딩크레딧도...",8
wisdom(wisd****),가볍게 볼수있는 로맨틱코미디 OST도 좋고 유쾌하고 재밌긴해서 좋았는데 내용이 뻔해서 좀 지루한부분이 있는것 같기도하다~,8
코코코롬(true****),"왠지 알 것 같지만, 소소한 재미가 있다!! 남주, 여주가 멋지니 몰입도가 좋군.",8
샤이닝(cmcb****),음......,6
똥강아지(youn****),재밌음,10
kami****,최고의 로맨틱코메디!! 배우들의 미묘한 감정변화가 너무 잘 그려짐!!,10
ming****,보는 내내 유쾌하고 사랑스러운 영화! :D,9
emin****,어찌 보면 결국은 흔한 스토리,7
pepe****,재기발랄함이 뻔함을 앞지르는예,7
김팔도(rlaf****),굳잼,10
wgbg****,잉여로운나의시간을채워주기딱좋은신선하고좋은영화네요ㅋ특히제가좋아하는배우들이나와서더욱끌립니다ㅋ,8
hjk2****,스톤이 나온다는걸 알게된 순간 생각할 필요없이 닥치고 일단 봤다 어머나 이건 뭐 조연이여 단역이여 ㅋㅋ 그냥 우정출연ㅋ 순간 나왔다 지나감 어머나 근데 또 이건 뭐여 영화가 존나 재밌어 ㅋㅋㅋㅋㅋㅋㅋㅋㅋㅋ 스톤에 속...,10
그릭(mile****),LA가는 비행기안에서 2번이나 본작품. 2번봐도 재밌었다. 자막없이봐서 몇개는 놓친거같지만. 특히 Closing time 참 좋았음,9
부틀렉(duen****),좋아,9
yoos****,역시 저스틴！！인타임 후에 또 다른 감동이네요。개인적으로 저스틴은 가수로서보다 배우로서 더 좋아하는데요、극장에 개봉할 때 마다 꼭꼭 챙겨보고 있죠~못보신 분들 꼭 보시기 바랍니다。짜릿한 해피엔딩에 빠져 보세요！！,10
바보(worn****),기분좋게 코미디 로맨스를 접하고 싶을때 보자!~,5
wnff****,가볍고 유쾌하게 보기에 참 좋은 영화!! 전형적인 로코물이기는 하지만!,8
푸헹헹(naip****),상큼하지도  아련하지도 않고 로코라고 하기에도 뭐한......,4
ete6****,로코라지만 내용이 모두 예상됨,6
윤정(ghkd****),섹스파트너에서 사랑으로.! 뻔해도 너무 뻔한 할리우드 영화,5
ahdf****,정말재밌게봄. 여주인공매력짱~~!!!! 이런영화너무좋아요~뉴욕을배경으로한영화들~~,10
dnlo****,재밌는데 뭐,9
내루미지롱(rlae****),가볍게 보기 좋은 로멘틱 코미디 ㅋㅋ,8
아생난(wltj****),후반부 너무 지루하다.... 잠시 내 상황에서 탈출하고 싶을 때 보기 좋은 영화,7
q565****,주말 저녁 가볍게 즐기기에 딱이네요스토리진행도 지루하지않고 여주인공도 매력적이네용,9
아모스(inki****),지극히 매우 뻔한 스토리의 영화지만 아기자기하게 잘 꾸몄다. 깊은 메세지는 전혀없다. 그냥 보고 웃고 잊어버리면 되는 영화다.,7
kimr****,"맘에 딱 남는 영화는 아니다. 지루, 뻔한 로맨틱 코미디 영화 공식을 깨는것처럼 보였지만 역시 예정된 수순대로 흘러갔고 .결국 남녀사이라는게 다 뻔하긴하지만... 정서상 이해 안되는 부분도 있었고. 응큼한 투정이지만...",6
김정미(nenp****),"한번보고 하하 하고 말줄알았는데 이 영화 센스도 있고, 남녀가 매력도 넘치고. 대사도 내용진행도 스피디해서 좋아요. 두어번 더 봐도 재밋더라고요. 유쾌했고 훈훈했어요 ㅋ 시간날 때, 로코 영화가 보고싶을 때! 동성친...",9
alem****,볼만함,7
시큰둥(rimb****),뻔한 결말이지만 쿨하게 그리고 기분좋게 볼 수 있는 영화,9
hydr****,엔딩크레딧이 백미구만,7
달하늘(antw****),"잘봤어요~ 광고만큼 자극적인 내용도 아니고, 기대이상인..^^ 여주 밀라 쿠니스가 매력적이고, 재미를 넘어선 감동도 살아있네요 추천~^^",8
gik0****,로맨틱 코미디 같은 영화가 보고싶은 밤에 딱인 영화다 굿굿,8
Seoyeon kim(stan****),제가 좋아하는 로맨틱 코미디.  보면 기분 좋아지는 영화^^,10
coal****,"전형적인 헐리웃 멜로 영화, 꽤 볼만하고 남주 여주 둘다 매력적임",7
yuho****,가볍고 뒤끝없는 깔끔한 한편!! 당신이 영화평론가가 아니라면 추천합니다 ㅋㅋ,10
yogu****,재밌음ㅋㅋ,10
jttu****,뻔합니다너무뻔해 그래도주인공들땜에평점이거라도줌,3
seas****,달달해요♥♥♥,10
어릿광대(yclo****),그저 밀라쿠니의 매력에서 헤어나오질 못하겠다라는 말밖에 할수가 없군,9
바르바랑(gusw****),둘다 매력쩔.!!!!!!!!!!!!!!!!!!!!!!!!재밌다!,10
겟백(thfk****),초반의 둘의 폭풍수다와 재미를 후반에서의 진지함을 겻들인 로멘틱 코메디,7
jnsb****,밀라 쿠니스 매력쩔고 진짜 웃김 ㅋㅋ 완전 코믹영화 ㅋㅋㅋ강추,10
jeey****,좋아하는 영화!ㅋㅋ 몇번 보고 또 봐도 재밌어요 ㅋㅋㅋㅋ,10
blai****,재밌다 ㅋ웃긴장면들도 많고 밀라 쿠니스 매력있는듯.,8
CHINCHIN(ohla****),전혀 지루하지 않았어요,10
jang****,유쾌한 로맨틱 코미디,9
dlgo****,밀라쿠니스 매력,8
윤윤윤윤(chau****),몰입도안되고흥미도안느껴진다,3
정영진(jyj4****),세계어느곳에서도 남녀간에 친구가 될 수 없음을 확인시켜줌,7
임나(akdl****),로맨스 코미디 재밌는 영화.,7
hjmi****,유쾌한 영화. 간만에 재미있는 로맨틱 코미디를 보게 되서 좋았다.,8
버나드7(rule****),처음 5분만 보면 결론이 나오는 영화죠. 등장인물이 하는 농담들이 재미있어서 평점  정말 후하게 줍니다,8
eowj****,남자와 여자는 친구 사이가 될 수 없다? 왜?,7
kyh_****,팀버레이크 영화는 늘 트렌디 해보인다는거,8
sala****,재밌네 왜,9
ykm3****,전형적인 3류 할리우드 영화.. 그마나 배우들 땜시..,2
fedo****,유쾌하고 센스있다,9
gust****,그냥 그래요,7
dpfl****,알고 속아주는 유쾌한 로맨틱 코메디 ㅋㅋ,8
mvli****,기똥차게 쿨한 커플의 쿨한 러브스토리. 과감한 설정과 너무나 웃긴 캐릭터와 대사들.,7
nabi****,유쾌하게 보았습니다~ ㅋㅋㅋㅋㅋ,9
dpsk****,기차 안에서 시간 가는 줄 모르고 봤어요^^,10
fait****,유쾌한 영화 밀라의 새로운 면을 본,8
yhjz****,후반의 진부함 전반의 상큼함ㅋㅋㅋㅋㅋㅋㅋㅋㅋ그냥 보기 좋은영화,10
jhzm****,"그다지 공감가지 않는 내용, 밀라 쿠니스는 꽤 매력적이었다.",6
hate****,난 괜찮고 재밌었음,8
sohy****,굿,10
cmte****,괜찮은영화,8
fann****,[6점] 이런 친구가 나쁘지않아,6
ssec****,"보기전부터 내용이 훤히 예상되는 영화지만, 그래도 유쾌한 영화!!",8
lxlo****,오우ㅜㅜ뽀풍설렘,10
khn9****,ㅋㅋㅋㅋㅋㅋㅋㅋㅋㅋㅋ재밋다. 가볍게 보기에짱ㅋㅋㅋ,8
nice****,상큼하게 재밌었는데.. 후반에는 진부한 전개로 마무리가 아쉬움..,7
ryua****,긴말이 필요없음. 재미있음.,10
nabi****,저스틴 팀버레이크는 역시 멋지네...영화는 걍 볼만한 수준..,8
leea****,진짜재밌음 ㅠㅠㅠ 밀라쿠니스 짱 예뻐요. 왤케 연기들을 잘하는지 ㅠ,10
sung****,"첨엔 괜찮았지만 갈수록 아쉬운 영화, 볼만은 했음.",7
bnf1****,"평점이 저평가되어 있다.. 밀라 쿠니스 완전 사랑스럽고, 저스틴 팀버레익 연기 굿!!",10
jami****,굳굳 ^^ 재밌었음 ㅎㅎ 유쾌한 로맨틱 코메디 ^-^,10
deux****,ㅋ 가벼운 소재로 유쾌한 기분 ㅋㅋ 즐겁다,9
yang****,재미있었욬ㅋㅋㅋㅋㅋㅋ,9
lgic****,뉴욕을 다 돌아다닌듯.. 재밌게 편하게 볼 수 있어 좋네요,7
furk****,두분다 외모 말투 모든게 섹시 하네요. 재미있게 봤어요.,10
flrs****,godd,10
haij****,소재는 가벼운데 배우들이 연기를 꽤잘해준듯. 재밌음,8
kims****,워허허ㅋ 젊고 유쾌하고 현대적이다.,10
love****,가벼운듯 가볍지않은,8
jm99****,배우들이 너무 매력적이고 내용도 꽤 재미있었음!!,10
ashl****,애초부터 끝이 보이는 말도 안되는 이야기 ㅋㅋ,8
audr****,음 이정도 ㅋ,3
kore****,너무 재밌게 봤다. 두배우의 매력도 만만치 않고,8
youn****,여주와남주가잘어울렸고재밋는섹시코미디ㅋㅋ밀라쿠니스목소리섹시하다,9
yjh8****,진짜 재밌음 ㅋㅋㅋㅋㅋㅋ,10
eshi****,중간까진 재밌었는데 중반이후로...음 그리고 이건 영화가 아니라 동영상이여 ㅋㅋ,7
wow0****,하는 순간 우정은 끝이다? 그럼 사랑이되는 건가? 알거같다가도 모르게뜸ㅜㅜ,7
thdr****,복잡하지 않은 코메디로맨스 영화임 ㅋㅋㅋ,8
a971****,아무생각없이 웃을수 있는영화!!,10
choi****,스토리 진행이 전반적으로 심심...,3
sj91****,뭔가 공감가는 부분이 있어서 8점... 관계 부분도 재미있게 표현했고. 여친 사랑해JUB,8
wldn****,재밋음,10
danc****,so so,6
01aj****,너무 공식을 따른다. 그러나 재미는 있다.,7
sbj1****,재미도 있고 내용도 괜찮은데 묘하게 지루하다...,7
idet****,지루... 하네...,5
hn23****,미소 지으면서 볼수있는 영화 ㅎㅎ,10
cong****,즐길수있는영화,10
wlsh****,무난하니 재밌음ㅋㅋㅋㅋㅋㅋㅋ,8
chun****,매력적인 캐릭터들과 대사 그리고 배경이 볼만했다.,9
2601****,재미나게 볼수 있는 로맨틱 코미디..어설프게 눈물 자극하는것보다 낫네.,8
jjis****,역시 남녀사이 친구란 없네,7
ming****,트렌디한 재미가 너무 재미있게 표현된 영화,9
c42k****,무난한 로맨스~,8
june****,오랜만에 재미있는 로맨틱코메디를 보았음,9
yook****,빠른전개 매력적인주인공 로맨틱코미디의 정석^^,7
lys7****,로맨스는 루저가 볼수 없는 장르임.ㅋㅋㅋ,8
slaj****,뻔할줄 알면서도 빠져들고 보는..재밌게 볼 수 있는 영화ㅎ,9
badt****,재밌다~,9
sasc****,흔하고 흔한 로망스,7
ahfo****,예상외로 재밌었다,8
kira****,잔잔하게 잼나네요~~ 굿!,8
dica****,어릴때 추억에 끼워 넣고 싶은 욕심.악몽 꾼 후 3초만에 미소를 만드는 힘.,8
lamm****,초반은 재밌지만 후반은 약간 식상한,7
eliz****,굿굿,10
sang****,wndqksRkwls whgdkTdma,7
zmfh****,기대 이상이었다,8
0103****,와우결말은뻔하지만다른로코와는다름 짱!,10
ccod****,매력있는영화,10
milk****,"밀라쿠니스연기자연스럽고,좀과장된부분있긴하지만곳곳에재치넘치고공감감동있음",8
roka****,센스있는 멜로.. 밀라쿠니스 참 매력있다.. 쿨~쿨~핫~핫~러브..,8
gbik****,뻔하지만 유쾌하게 볼만한 영화~,7
breg****,딱 요즘 세대들을 위한 팝콘무비,5
tlaq****,8점은 되는 영화임.,8
leok****,가볍게 즐기며보기딱좋음. 애들은 가라~쎈걸원하면그냥포르노보던가,9
unky****,음 후반부가 가장인상깊음ㅋㅋ기분좋게볼수있는 유쾌한영화! 으아풋풋하당ㅋㅋ,7
wltl****,기대보다 훨씬 재밌음. ^^ 영상도 깔끔하고 - 정말 기대 이상 ㅎ 왜 안떴지?ㅎ,9
only****,재밌었어요 아랫분말대로 최근로맨틱코미디중에는 제일낫네요~,9
hyeo****,가볍네요,7
okre****,역시 남녀사인 친구가 없는겨,7
hyej****,최근본 로코 중에 최고네요,10
jjcv****,재밌네요 정말 오랜만에 로코재밋게봤어요,10
mand****,간만에 제대로된 로맨틱코메디 엠마스톤 카메오에 엔딩까지 대박 웃겨죽는줄,10
thek****,유쾌해,7
chss****,여자멋있다 그냥기냥볼만함,7
alsd****,오묘한 맛의 로멘틱코미디,6
vvst****,둘이 잘 어울리네,7
olo_****,여자 배우가 매력적이였던 영화였던것 같아요 뻔한 얘기지만 재미있게 보았어요 ㅋㅋ,9
p75m****,"매력적이다!!! 배우,...그리고 이 영화!!!",10
smil****,역시 남과 여 사이 친군 없어 ㅋ,5
zzzt****,다른영화들과차별을중점으로둘줄알았는데똑같다...,5
jjoo****,아무생각 없이 봐도 기분좋아지고 웃을수있는 영화. 재밌어요!,10
dmfk****,기분좋게 볼수있어요,7
mwan****,"뻔한 스토리이긴 한데, 밀라 쿠니스 정말 매력있네요 ㅎ",9
ryoo****,다소 오버된..,7
trok****,6,6
wony****,완전 뻔한 럽스토리~,6
bbun****,행위로시작된사랑? 캐릭터들이통통튀어서재미는있다. 역시그것은그런게아녀ㅋㅋ,7
urin****,전형적인 미국식 로맨스영화. 두남녀의 미묘한 감정표현이 그럭저럭 볼만했음.,7
govl****,둘 캐릭터가 재밌음 웃김ㅋㅋ내용은 진짜 별거없고..,7
yk91****,극장에서 돈 주고 보기 조금 아까울수도.. 예고편만으로 전편 내용을 다 알수있음.,6
tik2****,딱 그만큼의 재미를 주는 로맨틱 코미디,7
haeh****,"멜로의 중요요소인 느낌이 좋았던 영화 , 현대적인 멜로디추세 대로였다",7
qq13****,솔찍히 그냥 재밌었다.   최근에 본것들 중에 최고,10
caca****,섹스 친구에서 연인까지. 로멘틱 코미디.,7
chaa****,뻔한 스토리지만 주연들의 매력과 연출로 부족함을 잘 메꾼듯,7
rlag****,무난함,7
dign****,재밌네요 특히 밀라쿠니스 정말 아름다워요!,10
akj0****,꺄아!!!완전 너무너무재밌고.신선하고.매력적인사랑이야기^^,10
jadi****,깔끔하게 잘 만든 로맨틱코미디. 잔재미들이 가득~,8
mais****,밀라쿠니스때문에 끝까지 봤음...........,6
adid****,최고의 영화였어요,10
lllm****,전체적으론 뻔하지만 신선한 시도,8
shin****,로맨틱코메디 보고싶던 중에 정말 유쾌하게봤어요,9
epis****,너무 쿨한거 아니냐 요즘애들? 하지만 사람 감정이란게 그리 간단하지 않지...!ㅋ,7
wndd****,그럭저럭 볼만함,9
agaw****,두 주인공의 매력이 빛나는 영화,8
woos****,잘봤음,7
frin****,오 이 영화 좋은데 ~,10
tjtk****,기분전환할수있는영화^^ 처음은가볍지만나중은묵직한..이런연애하고싶다,10
dlaw****,두주인공 보는것만으로도 좋다,8
minu****,팝콘과 맥주한잔이 어울리는 영화..제대로 쿨하다..^&^,7
rnld****,가볍게 볼 수 있는 팝콘무비!!,7
happ****,"제이미왕이쁨,정말잠자리하는거만열라나오고 보는눈땜에 민망해죽는줄 암",6
drea****,너무 재미있게 봤어요,9
teao****,쓰레기,1
naeu****,유쾌하지 뭐. 근데 밀라쿠니스가 갑자기 나이들어 보이는 이유는?! 재밌게는 봤다~,6
2005****,저스틴,10
ddal****,저스틴 마니 늙었더라,4
nice****,확인,7
hanm****,가볍고 쿨한 영화! 기분좋게봄~^*^,9
zxc1****,아 재밋게봣다 ㅋㅋㅋㅋㅋ그냥 배경이랑 주인공이 넘 멋지다,10
imom****,가볍게볼려고했는데그이상ㅋ19금로맨틱코메디라 기분좋게본영화 남녀둘다이쁘고멋짐ㅠ,9
ih80****,가볍게 볼 만한 영화^^ 남녀주인공이 너무 매력적이네요^^,7
kent****,로맨틱코미디가 난 너무너무 좋더라~,8
noir****,그냥 뻔한 그 이상도 그 이하도 진지함은 NO 이건 그냥 로매틱 코메디다.,5
thdu****,"영화보는내내 정신없긴하지만, 영화보는동안 기분좋게본것같다. 뻔하지만 좋다",7
gree****,사랑과우정사이를 보는게 나음,6
hjdh****,상투적이지만 로맨틱코미디니깐,7
7pmr****,밀라 쿠니스 외에는 그닥 볼 것이 없음. 평점 6.0,10
ice8****,완전 개 재미없어,1
ilov****,정신없고 조잡한 연출. 요점도 제대로 전달못해서 중반까지 둥둥 떠있는 영화.,3
mega****,배경이 된 뉴욕의 모습을 볼 수 있어서. 딱 그정도 좋았다.,6
some****,매력넘치는 남녀주인공.,7
butt****,"매우 빠른 진도이지만, (이쁜) 여자는 결코 친구가 될 수 없다는 불변의 법칙~",8
jewe****,보고나면 '나도 저렇게 연애'하고픈 감정이드는 로맨스 코메디입니다. 재밌어요.,9
pria****,경쾌하고 맛있는 로맨틱 무비.,6
j_pa****,딱좋아하는스타일느끼한멜로싫어하는분은굿멜로자체가뻔하지만그나마담백한거찾으면콜,10
choi****,남녀 배우가 너무 이쁘게 나와서 좋았어요 ㅋ스토리야 뭐 기대하고 보는게 이상한거임,9
wind****,전형적인 전개지만 캐릭터들도 매력적이고 몰입도도 적당하다.,7
ksyk****,유쾌하고 발랄한 영화!! 밀라 쿠니스 캐릭터 너무 좋다ㅋㅋ,9
ffme****,미국식 로멘틱 코메디의 만찬장을 보게 해주는 멋진 영화!!!,10
rhdi****,멜로는 이런거다.,10
jinb****,내가찾던멜로! 아 이런사랑..,10
yama****,살짝지루 여배우매력잇긩,6
ssoz****,당신이 찾던 바로 그 멜로,10
ahhu****,로맨틱 코메디의 진수!,10
khs_****,오랜만에 본 로코물. 저스틴은 인 타임에서보다 매력있다.,8
smil****,두 배우의 매력이 물씬 넘치는.. 유쾌하고 재밌는 영화 였습니다.,10
gran****,여배우 귀엽네ㅋ,7
taeo****,이 영화..음..머랄까..음..지루하긴 하네요..간만에 멜로 영화 보고 싶다면 한 번,6
beco****,"우선 두 주인공 좋아요, 스토리 전개도 괜찮고, 코믹, 사랑.. 재밌게 봤음",9
tmdw****,잼있구만 ㅋㅋㅋ,7
yang****,1점준 두 쓰레기 한국영화는 죄다 10점이네 M창,4
chor****,캐쥬얼한 섹스로 시작해서 플래쉬 몹으로 끝나는 신세대의 사랑? 제발 좀....,3
ssan****,밀라 쿠니스 너무 매력있다. 최고입니다.,10
hyuk****,난 이렇게 쿨한 양식 로맨틱물이 좋더라,10
cool****,뭐. 나쁘진 않다. 남는 게 없어서 그렇지.,6
hiro****,진짜 미국은 저러나,6
wish****,재밌었음. 시도때도없는 언변이 특히 ㅋㅋ 실제론 저럴일 없을테지만~,9
qazz****,배우들의 매력과 호흡이 돋보였던 영화. 편안히 볼수있는 로맨틱코미디,8
erhe****,헐리웃 로맨스가 뭐 그렇지,4
pang****,뻔한이야기의 중요한 마지막이 엉망....싱거움...,4
wkdb****,저스틴과 밀라가 좋아서 끝까지 봐준 영화. 스토리가 너무 정신없다.,6
solh****,"밀라 쿠니스, 정신차리고 작품 선택해라",5
kck6****,상반신마저 흐린~흠 포스터는 남다른데 말야,4
meg_****,난재밋기만하던디,9
afte****,재미없구 지루하고 야하지도 않고 뻔한 스토리에 내 소중한 한시간이 날아갔어ㅜㅜ,5
styx****,재미있네요,6
jws6****,재밌어요~!! 로메틱코미디~!! 지루하지않음!!!,9
vlyn****,"시작도 그렇구 뭔가 다를 줄 알았다 근데 뻔한데, 이~뻐 잘생겼어 :-)",7
core****,로맨틱코메디 ~평균정도~볼만함니다...조금 야하지만,6
come****,뻔한 이야기지만 지루하지 않았다.,7
call****,스토리 기대는 금물. 뻔한 이야기. 그나마 괜찮았던건 캐릭터 자체가 나름 귀여워서다,7
reno****,빠른 속도감 컨셉의 가벼운 로맨틱 코메디.너무 가볍단 느낌도 있긴하다,6
anna****,무지 잼있을것같아서 봤는데  돈주고 보긴 아깝네요.,6
soso****,재미있었다. 평점이 너무 낮아서 10점 준다,10
sada****,"딱, 2011년도 10월식 로맨틱코메디.",9
lobr****,'남자와 여자는 친구가 될수없다'를 잘보여주는 현실적이고 유쾌한 영화^^,9
se72****,그냥 뻔하디 뻔한 낡아빠진 이야기...,4
ving****,유쾌하고 발랄하다. 인스턴트식품 같은 영화임.,8
totg****,재밋는데 .기대이상 완즌,8
love****,평점보고봤다가낚임 돈아깝다,1
chin****,내가 늙은건가 집중이 안된다 정신없고,6
bbq2****,이 정도면 소임은 다했다.,6
dazz****,진짜 재밌어요!!! 강추강추 :),10
gw32****,섹스 코미디 인거 같은데 대박 ! ~ ㅋㅋㅋ,10
rasp****,아무기대없이 봤다가 의외로 재밌는 로맨틱 코미디 영화.,8
thre****,재밌음,10
tout****,여주인공이 매력적이란것 빼고는 완전 별로. 그 또한 중간쯤부턴 목소리듣기 질린다.,4
vory****,생각보다 재미있음~,6
ilov****,자승자박.,5
cty1****,베드신의 대사만 야하고....넘 잼 있는 블랙 코미디영화^^,8
xoal****,so cool,8
ghgh****,배드씬이 이렇게 유쾌할 수가 ㅎ 속사포같은 둘의 호흡이 재밌다,9
afte****,"후반 30분이 지나치게 늘어지는것만 제외한다면, 상큼 발랄 달콤한 영화.",7
ccod****,달달하고 발랄한 생각보다 괜찮은 로맨틱코미디영화,8
kere****,역시나 코믹하고 생각보다 스토리있고 좋은 젊은 커플이보기좋을것같은영화,10
bc58****,"쿨한남녀,,젊은나이는 완전 배잡고 웃는 그런 로맨틱코미디,,ㅋㅋㅋ",8
sika****,"코믹, 멜로 이런게 딱이죠...ㅎ",9
vipy****,아무생각 없이 보면 즐거운... 뻔하고 뻔한 로.코 .. 주인공이 아주 매력적 ~~,8
rkae****,깔끔한영화ㅎ 뉴옥의 아름다운 광경도 보기좋았다.,10
diam****,겁나 쿨한 미쿡 남녀의 섹스이야기. ㅋㅋㅋㅋㅋㅋㅋㅋㅋㅋ,10
i035****,뭐 걍 볼만~ 하네여 ㅋㅋㅋ 재미있긴함.,8
ykmi****,유쾌 발랄 딱 로맨틱 코메디,8
nhjl****,"가볍게 볼 수 있는 영화, 좀..많이 야하기는 하지만, 솔직한 로맨틱코미디",9
good****,오랜만의 유쾌 발칙한 로맨틱 코미디의 만남! 짜릿한 러브씬이 많이 등장하는데 최고,10
dndk****,저스틴과 밀라 쿠니스의 러브씬!! 야한고 섹시하지만 유쾌해서 더욱 재미있게 본 듯!,10
wonn****,"연인끼리 재밌게 볼수 있는 영화. 단, 다소 야할 수 있음 ㅋㅋ",8
ddds****,여자친구나 혹은 아내랑 보면 유쾌히볼수있는 영화인거같아요. 주인공 둘다 매력적,10
miju****,"저스틴, 밀라 쿠니스 넘 잘어울렸어요~ 섹시하고 재미지구 ㅎㅎ",10
najj****,아~저스틴&밀라 후끈 달아오르는 러브씬ㅎㅎ  야하지 않고 유쾌하구 섹시했던~♥,10
best****,소재와 결말이 뻔할 지라도 그 표현 방식의 참신함에 박수 !.. 연기도 굳,9
leey****,"저스틴 드디어, 그에게 잘 어울리는 옷을 입었다!",7
rang****,가볍게연인들이 볼만하다 ~뻔한 스토리로 가지않으려 노력한게 보이는..하지만결국ㅋ,7
ocmm****,빙글빙글 돌았지만 종착점은 하나,9
tksw****,마지막에 나오던 Semisonic의 Closing time 좋아요~ 졸리던 삼총사보단 훨 낫네,7
pipo****,가볍게 즐길수 있는영화. 단지 성인들만,7
lubm****,"이해 공감은 하나 개인적으로 용납이 안되는 소재여서 그런지, SO SO~",7
fren****,사랑에 빠질 유쾌한 구실이 연애의 시작이지.,6
kang****,뻔한 소재지만...깔끔하고 주연들이 훈훈해 기분 좋게 볼 수 있는 영화!,9
mid_****,뻔한 소재를 차용했지만 요즘 세대들의 공감대를 형성할 차별성을 둔 것이 돋보인다.,9
hite****,"러브테마는 역시 좋다. 내가 갔던 LA, NY 이라 더 좋았다. 8.5점.",9
doch****,유쾌하고 달달한 로맨틱 코미디!! 그리고 주연 두 배우 완전 환상의 호흡인듯..ㅋ,8
suju****,개봉 당일 봤는데 생각 없어도 보기 좋은 재밌는 영화,9
will****,개봉당일 친구와 재밌게봤음. 저스틴 너무 귀여웠네요. 기분좋게 즐기기 좋은 영화,9
tnrd****,"우정,사랑의 주제가 아닌 사랑을 찾아가는 내용이 더 맞을듯. 소소한 웃음...그리고.",5
juli****,결말이 좀 뻔하지만 결말빼면 신선하고 요즘 트렌즈 잘 반영한 재밌는 영화!!^^,8
love****,재밌었어요! 지루하지않고 흥미진진한 영화!,9
rodd****,"로맨틱과 현실, 이도저도 아님",5
topa****,나 요즘 저스틴 영화만 보는듯.. 내용도 없고 영상미도 없고 보는 내내 힘듬,5
sira****,남자들에게는 어이없을지도 모르는 현대판 시티 판타지 스토리,6
dere****,상영시간이 109분 짜리 영화였구나...난 여친과 봤음에도 309분짜리인줄 알았는데...,4
jiha****,넘 재밌게봤어요~ 보면서 기분이 좋아지는 그런영화인듯...,9
yich****,상콤 짜릿!^^,10
tttu****,너무 억지스럽지 않은 전형적인 외국 로맨스 코미디입니다! 가볍게 보기 좋아요,8
lalf****,유쾌하게 즐기기 좋은 로맨틱 코미디. 그 이상도 그 이하도 아니다,7
cine****,기존 로맨틱 코미디 와 다른점 없다,1
blue****,ㅎㅎ 걍 잼있었어여~ 전개도 빠르고 밍숭맹숭 하지 않아서 좋았어여~,8
suuh****,야한장면이 유쾌하게 나와서 볼만했어요!^^ 그렇지만 스토리가조금 길다고 느껴졌음ㅠ,8
kjy_****,시사회로 봤는데.. 재밌었어요 ^^ 중간중간 계속 터지는 말장난들도 좋아요^^,9
kimk****,시사회로 기대 안하고 봤는데 서양과 동양의 문화적 차이를 많이 느꼈지만 잼있네요.,8
past****,미국의 정서가 한국 극장가에 어떠한 영향력을 미칠지. .^^:,6
lala****,"뻔하지만 귀여운 영화! 뉴욕, LA를 오가며 볼거리, 들을거리도 풍성했던 영화",7
hdqu****,윽 전 너무 재밌고 유쾌하게 봤어요. 배우의 매력들이 정말 철철넘치고. 또보고프당,8
darb****,미국식 유머와 ㅋㅋㅋㅋㅋㅋ아무튼 웃기고 재미있네요ㅋㅋㅋ저스틴의몸도참...ㅋㅋ,9
kike****,"유쾌한 영화, 두 배우의 멋진 몸매도!! ^^",8
qnfd****,더도 말고 덜도 말고 딱 미국식 로맨틱코미디~,6
2408****,코믹하면서도 약간야하고 그러하고 무겁지도 않은 그런 데이트영화~ 재미있어요~,9
lemo****,우리나라 정서에선 성인 20~30대만이 즐거워할꺼같은...영화? 난 좋았다!,9
orol****,배우 저스틴 팀버레이크와 밀라 쿠니스의 유쾌하고도 재치있는 유머 연기들은 과히 최고였다!,10
eeod****,어제 시사회 다녀왔는데요. 재밌게 봤어요.,7
stop****,시사회로 어제 보구왔는데요~~캐릭터가 완전 매력있고 기대만큼 넘재미나요!!!^-^,10
hoye****,야하면서도 잼있고 유쾌했어요 ^^,9
jsa1****,"전형적인 로맨스코미디영화, 하지만 유쾌하고 주인공이 참 멋지네요~",8
4180****,기대 이상으로 재밌어서 놀랐어요 ㅎㅎ 여러번 웃었네요 ㅎㅎ,8
jemm****,쉴새없이 얘기하는 두 남녀 연기력도 굿 내용도굿^^,8
song****,유쾌한 영화 연기도 의외로 잘하고 결말 뻔하지만 과정이 알차다고 생각,8
p533****,그닥 웃기지도 않고 공감대도 없는 코믹멜로~,6
cuty****,재밌어요~허를찌르는 웃음코드~ㅋ베드신이 불필요하게 너무 많은게 단점이라면 단점~,9
amn1****,시사회로봤는데  정말 빵터지고 눈물도흘리고 오랫만에 재미를느낀 로맨스코미디 :-),10
cute****,"외모와 연기, 공감대 형성 등은 좋고 거리낌없는 성에 대한 표현에는 놀랐다.",9
erud****,정말평점을주게만드는! 시사회당첨으로봤는데너무깨닫게해주는게많은♥다시보고프다^.^,10
sch1****,그야말로 가볍게 볼수 잇는 영화 쿨하면서도 과감함이 마음에 든다,7
jell****,"시사회 봤는데 별로. 딱 비디오용. 커플즈가 배 더 나음,참고로 나 절대 알바 아님",4
eoxn****,시사회 보고왔는데 재밌어요!!! ㅋㅋ 중간 중간 빵빵 터졌어요 ㅎ,10
sfcb****,기존 로맨틱 코메디를 뒤집어서 다시 생각해 보게 만드는 영화!,8
kate****,시사회로 봤어요 ㅋㅋㅋ  아 정말 대사 한마디 한마디 깨알같이 웃다 왔네요 ㅋㅋ,10
jiro****,재밌던데요 ㅋㅋㅋㅋ 나름 ㅋㅋㅋㅋ,10
wkgm****,"매력적이고 발랄한 여배우와 더불어 정말 간만에, 보는 내내 즐거운 영화였어요^^",10
kami****,"배우들 매력가득, 성적매력만땅 오락영화",6
cutt****,perfecto!,10
hany****,쿨하고 상큼하게 뉴욕을 사랑하게 만든다,8
goup****,보는 내내 킬킬거리면서 봤음..ㅋ 이런 영화 쪼아~ㅋ,10
nipp****,간만에 등장한 19금 로맨틱 코미디~!! 흐아 좋구나~ㅋ,10
atss****,저스틴하고 밀라 왜이렇게 잘어울림?? 보는 내내 유쾌했어요~~,9
samt****,항상 이감독은 뭔가 신선한걸 시도하는것가틈ㅎㅎㅎㅎ재미,9
ggam****,이거 대만가서 봤는데..결말은 뻔함. 그냥 저스틴이랑 밀라쿠니스 보는 재미 ㅋㅋ,7
lejc****,rom-com에 빠지게 만들어준 영화! 저스틴도 벌써 서른이구나 ㅡㅜ,8
qtoc****,언제 개봉하나요?? 빨리보구싶어요ㅠㅠ,9
hoya****,나름 볼만하긴 했는데 역시 코메디 멜로는 뻔한 스토리,6
dnfq****,I want to see like good movie ^^,10
jbl5****,윌 글럭 영화는 다 재밋응ㅎㅎ,10
kimf****,"시사회보고왔다
유쾌했고 공감됬다",10
ysmi****,"이 영화의 진짜 매력은 베드신이나 성적 소재가 아닌, 기똥차게 웃기는 대사!",7
jing****,엠마스톤♡,10
12hi****,"엠마스톤, 밀라쿠니스, 저스틴팀버레이크 !",10
hyo1****,와 소름돋는 영화다.,10
아리따울여(yaj5****),재밌어요ㅎ 저스틴팀버레이크 매력적,10
첼시(namj****),영화는 재미가 없고 아버지를 위해 바지 벗고 식사하는 장면이 명장면,6
깡통(ddon****),내생에 최고영화...,10
홍복이(pjh9****),지금 나에게 위로가되준 영화.,10
유나짱(marc****),너무너무 흔한 이야기.,6
소울(cksd****),"영화가 말하고자 하는건 딱 이거임 '완벽한 섹스파트너' 그 이상 그 이하도 아닌 섹슈얼 코미디인데, 스토리는 있는데 정작 섹슈얼 코미디 다운 야한 매력이 없음. 딱 프렌즈 위드 키즈랑 동급인 영화임. ...",2
달려보자(chlw****),조선의 정서에 절대 부합하지않음,3
호질(pt90****),"전형적인 캐릭터와 스토리, 역시나 전형적인 재미. 이젠 좀?변화했으면 하는 바람",6
네트(dr_s****),너무 잼있다,10
새롭게새롭게(nice****),유쾌한 딱! 로맨틱코미디! 초반에 너무 익사이팅하달까? 뭔가 영화가 막 멋지지?멋지지?하면서 달리는 느낌였는데 그거빼면 너무 괜찮았어요 재밌고 재치있고. 이외로 예리하단 느낌도 있었고. 굳굳 기분좋네요,9
이석호(shle****),정말 재밌게 봤다   원래 로멘틱 코미디는 안좋아하는데   진행도빠르면서 지루하지 않고 배리굳,8
tkdv****,내가 본 최고의 로맨틱 코미디! 배우의 앙상블도 좋고 이지에이에 이어 이 작품까지 2연타석 홈런을 날린 윌 글럭 감독 앞으로의 행보가 더욱 기대된다.,10
kkh5****,성욕의 짐승,2
stom****,수다의 향연.. 정신없구만.. 김수현 드라마 보는 짜증나는 느낌..,2
cnvm****,정말 보는 내내 시간아깝다는 생각을 들게한 영화다.,1
pand****,더럽다는 느낌을 지울 수 가 없다. 짐승들도 아니고..,1
dbzh****,"열라리 산만하고 여주인공이 별루, 가슴도 함 안보여주넹...",3
wlfa****,섹스만 하다 끝난다. 그렇다고 화끈하지도 않다.,5
shin****,평점보고 봤다가 진짜 낚임 첨부터 끝까지 섹스 얘기 뿐 계속 쪽쪽데다가만 끝남,1
kurt****,섹스 라는 단어만 수십번 나온듯.. 내용이 없음,1
yun2****,"남녀간에 친구가 안된다는 결론은 그렇다 치더라도, 섹스가 글케 중요해?",1
qlek****,아.....이건멀까..//뉴욕과 LA 풍경에 좀더 점수를 주고싶다..,5
tash****,그냥 딲! 비디오용,5
head****,좋다,8
seal****,엉성한 플롯위의 섹스코미디남발....서양식?성개념제로영화,1
jodi****,딱 5점짜리 영화 ...여주인공이 별로 였어...,5
kkk4****,별 내용도 없고 야한 것 조금 얹어서 만든 영화비가 아깝다는 생각...,5
hist****,시사회로 봤는데요 간단히.. 뻔함 + 너무 야함... 친누나랑 보고 서로 민망했어요,3
흥분의도가니탕(nikk****),애들영화. 유치함. 30살이상 보지마세요,1
cho6****,장난해?,6
wwc2****,은근히 야하고 은근히 웃기고 dvd방에서 보면 좋을수준 생각없이 즐기기에 좋음,5
보리자루(srhh****),길거리 전광판과 텔레비젼 SONY를 길게 보여줘서 별 1개 주려다가 1개 더 인심 쓴다. 애정씬이 몇번 있는 영화.,4
유이아(sfgj****),배우도 좋고 다좋은데 뭔가 아쉬움 별내용도 없고 그냥 둘이 사랑하고 잠만 자다가 끝남 뭔가 달아오를즈음에 끝나버려서 그냥 단순한  킬링타임용으로는 ㄱㅊ,6
김도연(love****),이 영화를 본다면 두 배우들의 매력에 빠지게될 것이다.,10
맑은하늘(pind****),진부한 내용으로 가득찬.ㅡㅡ,3
ehfldj(kgsf****),오점 오점 오점 오점 오점이 다섯개,5
드크닥트(ansd****),스토리가 너무 흔해빠짐. 몰입도도 그닥이고 스토리가 너무 식상함. 로코 영화는 왠만한건 다 재미있게 보는데 이건 그냥저냥 ..  여주는 매력적이나 스토리가 진짜 너무 뻔해서 보면서 루즈함,6
ParkKaS(qusq****),킬링타임으로 좋은 영화!,7
zjqf****,식상하지만 로맨스영화로서 좋다,8
Paularbear(jsh1****),"정말 공감되는게 니가 내 여친이다라는 생각이 들지 않는 상태에서 먼저 ㅅㅅ부터 하게되면 갈수록 이게 무슨관계인가 하는 생각이 들게됨,, ㅅㅅ하고 나면 사귀는 사이가 되겠지라고 생각하지만 막상 이후에도 긴가민가",10
cjsw****,ㅋㅋ킬링타임용ㅋㅋㅋ재미있네요,8
제라드(doo3****),깊이는 없었지만 킬링 타임용으론 괜찮아요,9
피애노(nix1****),잘봣음 ㅋ 밀라쿠니스의 쿨한 성격이 매력적임 ㅎㅎ,8
걸어라(rygh****),당신에게 필요한 건 섹스가 아니라 상담가랍니다.,6
youn****,재미있는 영화인데 평점이 낮은거 같습니다,10
처리반(skyi****),이 시대 20대 남성들이라면(나포함) 좋아서 환장하는 스토리..아님말구,6
